segment,scenario,mode,iteration,elapsed_ms,outcome
named,zigzag,disabled,1,0.7498,heuristic
named,zigzag,disabled,2,0.1002,heuristic
named,zigzag,disabled,3,0.0442,heuristic
named,zigzag,heuristic,1,0.7376,heuristic
named,zigzag,heuristic,2,0.7364,heuristic
named,zigzag,heuristic,3,5.4895,heuristic
named,zigzag,csp,1,0.3292,csp
named,zigzag,csp,2,0.1262,csp
named,zigzag,csp,3,0.1141,csp
named,zigzag-240,disabled,1,0.0286,heuristic
named,zigzag-240,disabled,2,0.0261,heuristic
named,zigzag-240,disabled,3,0.0249,heuristic
named,zigzag-240,heuristic,1,0.0955,heuristic
named,zigzag-240,heuristic,2,0.0912,heuristic
named,zigzag-240,heuristic,3,0.0900,heuristic
named,zigzag-240,csp,1,0.1135,csp
named,zigzag-240,csp,2,0.0834,csp
named,zigzag-240,csp,3,0.0823,csp
named,tail-infeasible,disabled,1,0.0247,heuristic
named,tail-infeasible,disabled,2,0.0168,heuristic
named,tail-infeasible,disabled,3,0.0144,heuristic
named,tail-infeasible,heuristic,1,0.0308,heuristic
named,tail-infeasible,heuristic,2,0.0297,heuristic
named,tail-infeasible,heuristic,3,0.0287,heuristic
named,tail-infeasible,csp,1,0.0362,csp
named,tail-infeasible,csp,2,0.0402,csp
named,tail-infeasible,csp,3,0.0353,csp
named,asymmetric,disabled,1,0.0200,heuristic
named,asymmetric,disabled,2,0.0194,heuristic
named,asymmetric,disabled,3,0.0196,heuristic
named,asymmetric,heuristic,1,0.0618,heuristic
named,asymmetric,heuristic,2,0.0597,heuristic
named,asymmetric,heuristic,3,0.0584,heuristic
named,asymmetric,csp,1,0.0422,csp
named,asymmetric,csp,2,0.0409,csp
named,asymmetric,csp,3,0.0408,csp
named,two-opt,disabled,1,0.0507,heuristic
named,two-opt,disabled,2,0.0218,heuristic
named,two-opt,disabled,3,0.0197,heuristic
named,two-opt,heuristic,1,0.1484,heuristic
named,two-opt,heuristic,2,0.1370,heuristic
named,two-opt,heuristic,3,0.1372,heuristic
named,two-opt,csp,1,0.1075,csp
named,two-opt,csp,2,0.1105,csp
named,two-opt,csp,3,0.1067,csp
named,relocate,disabled,1,0.0235,heuristic
named,relocate,disabled,2,0.0190,heuristic
named,relocate,disabled,3,0.0188,heuristic
named,relocate,heuristic,1,0.1290,heuristic
named,relocate,heuristic,2,0.1574,heuristic
named,relocate,heuristic,3,0.1354,heuristic
named,relocate,csp,1,0.0938,csp
named,relocate,csp,2,0.0869,csp
named,relocate,csp,3,0.0838,csp
named,reconsideration,disabled,1,0.0208,heuristic
named,reconsideration,disabled,2,0.0198,heuristic
named,reconsideration,disabled,3,0.0197,heuristic
named,reconsideration,heuristic,1,0.2153,heuristic
named,reconsideration,heuristic,2,0.2256,heuristic
named,reconsideration,heuristic,3,0.2242,heuristic
named,reconsideration,csp,1,0.1453,csp
named,reconsideration,csp,2,0.1428,csp
named,reconsideration,csp,3,0.2958,csp
c10-m0,c10-m0-s1,disabled,1,0.0602,heuristic
c10-m0,c10-m0-s1,disabled,2,0.0504,heuristic
c10-m0,c10-m0-s1,disabled,3,0.0308,heuristic
c10-m0,c10-m0-s1,heuristic,1,6.2342,heuristic
c10-m0,c10-m0-s1,heuristic,2,2.7856,heuristic
c10-m0,c10-m0-s1,heuristic,3,2.9757,heuristic
c10-m0,c10-m0-s1,csp,1,8.2727,csp
c10-m0,c10-m0-s1,csp,2,7.4110,csp
c10-m0,c10-m0-s1,csp,3,7.9503,csp
c10-m0,c10-m0-s2,disabled,1,0.0378,heuristic
c10-m0,c10-m0-s2,disabled,2,0.0349,heuristic
c10-m0,c10-m0-s2,disabled,3,0.0343,heuristic
c10-m0,c10-m0-s2,heuristic,1,2.8082,heuristic
c10-m0,c10-m0-s2,heuristic,2,2.7046,heuristic
c10-m0,c10-m0-s2,heuristic,3,2.9767,heuristic
c10-m0,c10-m0-s2,csp,1,26.9359,csp
c10-m0,c10-m0-s2,csp,2,27.4901,csp
c10-m0,c10-m0-s2,csp,3,34.6574,csp
c10-m0,c10-m0-s3,disabled,1,0.0932,heuristic
c10-m0,c10-m0-s3,disabled,2,0.0685,heuristic
c10-m0,c10-m0-s3,disabled,3,0.0675,heuristic
c10-m0,c10-m0-s3,heuristic,1,2.1207,heuristic
c10-m0,c10-m0-s3,heuristic,2,2.0582,heuristic
c10-m0,c10-m0-s3,heuristic,3,2.1136,heuristic
c10-m0,c10-m0-s3,csp,1,109.9755,csp
c10-m0,c10-m0-s3,csp,2,62.5441,csp
c10-m0,c10-m0-s3,csp,3,60.2900,csp
c10-m0,c10-m0-s4,disabled,1,0.0541,heuristic
c10-m0,c10-m0-s4,disabled,2,0.0558,heuristic
c10-m0,c10-m0-s4,disabled,3,0.0503,heuristic
c10-m0,c10-m0-s4,heuristic,1,4.7799,heuristic
c10-m0,c10-m0-s4,heuristic,2,4.4457,heuristic
c10-m0,c10-m0-s4,heuristic,3,3.9276,heuristic
c10-m0,c10-m0-s4,csp,1,8.9593,csp
c10-m0,c10-m0-s4,csp,2,9.9992,csp
c10-m0,c10-m0-s4,csp,3,9.8064,csp
c10-m0,c10-m0-s5,disabled,1,0.0701,heuristic
c10-m0,c10-m0-s5,disabled,2,0.0667,heuristic
c10-m0,c10-m0-s5,disabled,3,0.0652,heuristic
c10-m0,c10-m0-s5,heuristic,1,2.9698,heuristic
c10-m0,c10-m0-s5,heuristic,2,3.6541,heuristic
c10-m0,c10-m0-s5,heuristic,3,2.8237,heuristic
c10-m0,c10-m0-s5,csp,1,7.7547,csp
c10-m0,c10-m0-s5,csp,2,7.8086,csp
c10-m0,c10-m0-s5,csp,3,6.5511,csp
c10-m0,c10-m0-s6,disabled,1,0.0759,heuristic
c10-m0,c10-m0-s6,disabled,2,0.0556,heuristic
c10-m0,c10-m0-s6,disabled,3,0.0445,heuristic
c10-m0,c10-m0-s6,heuristic,1,2.4582,heuristic
c10-m0,c10-m0-s6,heuristic,2,2.2970,heuristic
c10-m0,c10-m0-s6,heuristic,3,2.2728,heuristic
c10-m0,c10-m0-s6,csp,1,3.7837,csp
c10-m0,c10-m0-s6,csp,2,3.6541,csp
c10-m0,c10-m0-s6,csp,3,3.9536,csp
c10-m0,c10-m0-s7,disabled,1,0.0470,heuristic
c10-m0,c10-m0-s7,disabled,2,0.0408,heuristic
c10-m0,c10-m0-s7,disabled,3,0.0400,heuristic
c10-m0,c10-m0-s7,heuristic,1,7.0696,heuristic
c10-m0,c10-m0-s7,heuristic,2,8.6171,heuristic
c10-m0,c10-m0-s7,heuristic,3,8.0653,heuristic
c10-m0,c10-m0-s7,csp,1,11.9392,csp
c10-m0,c10-m0-s7,csp,2,11.8053,csp
c10-m0,c10-m0-s7,csp,3,11.0259,csp
c10-m0,c10-m0-s8,disabled,1,0.1096,heuristic
c10-m0,c10-m0-s8,disabled,2,0.0669,heuristic
c10-m0,c10-m0-s8,disabled,3,0.0601,heuristic
c10-m0,c10-m0-s8,heuristic,1,3.1928,heuristic
c10-m0,c10-m0-s8,heuristic,2,3.3728,heuristic
c10-m0,c10-m0-s8,heuristic,3,3.1065,heuristic
c10-m0,c10-m0-s8,csp,1,4.1992,csp
c10-m0,c10-m0-s8,csp,2,3.8030,csp
c10-m0,c10-m0-s8,csp,3,3.7966,csp
c10-m0,c10-m0-s9,disabled,1,0.0635,heuristic
c10-m0,c10-m0-s9,disabled,2,0.0580,heuristic
c10-m0,c10-m0-s9,disabled,3,0.0614,heuristic
c10-m0,c10-m0-s9,heuristic,1,3.5997,heuristic
c10-m0,c10-m0-s9,heuristic,2,3.2833,heuristic
c10-m0,c10-m0-s9,heuristic,3,3.3476,heuristic
c10-m0,c10-m0-s9,csp,1,5.2652,csp
c10-m0,c10-m0-s9,csp,2,5.3563,csp
c10-m0,c10-m0-s9,csp,3,5.4670,csp
c10-m0,c10-m0-s10,disabled,1,0.0456,heuristic
c10-m0,c10-m0-s10,disabled,2,0.0410,heuristic
c10-m0,c10-m0-s10,disabled,3,0.0410,heuristic
c10-m0,c10-m0-s10,heuristic,1,3.6963,heuristic
c10-m0,c10-m0-s10,heuristic,2,3.6908,heuristic
c10-m0,c10-m0-s10,heuristic,3,4.0421,heuristic
c10-m0,c10-m0-s10,csp,1,3.2835,csp
c10-m0,c10-m0-s10,csp,2,3.1240,csp
c10-m0,c10-m0-s10,csp,3,3.8414,csp
c10-m0,c10-m0-s11,disabled,1,0.0464,heuristic
c10-m0,c10-m0-s11,disabled,2,0.0436,heuristic
c10-m0,c10-m0-s11,disabled,3,0.0397,heuristic
c10-m0,c10-m0-s11,heuristic,1,4.3498,heuristic
c10-m0,c10-m0-s11,heuristic,2,4.0449,heuristic
c10-m0,c10-m0-s11,heuristic,3,3.3641,heuristic
c10-m0,c10-m0-s11,csp,1,7.2353,csp
c10-m0,c10-m0-s11,csp,2,12.8085,csp
c10-m0,c10-m0-s11,csp,3,13.5082,csp
c10-m0,c10-m0-s12,disabled,1,0.0914,heuristic
c10-m0,c10-m0-s12,disabled,2,0.0574,heuristic
c10-m0,c10-m0-s12,disabled,3,0.0508,heuristic
c10-m0,c10-m0-s12,heuristic,1,5.4939,heuristic
c10-m0,c10-m0-s12,heuristic,2,5.2320,heuristic
c10-m0,c10-m0-s12,heuristic,3,5.1720,heuristic
c10-m0,c10-m0-s12,csp,1,2.0651,csp
c10-m0,c10-m0-s12,csp,2,2.0294,csp
c10-m0,c10-m0-s12,csp,3,1.9150,csp
c10-m0,c10-m0-s13,disabled,1,0.0584,heuristic
c10-m0,c10-m0-s13,disabled,2,0.0435,heuristic
c10-m0,c10-m0-s13,disabled,3,0.0332,heuristic
c10-m0,c10-m0-s13,heuristic,1,2.2960,heuristic
c10-m0,c10-m0-s13,heuristic,2,1.8824,heuristic
c10-m0,c10-m0-s13,heuristic,3,1.8435,heuristic
c10-m0,c10-m0-s13,csp,1,1.0629,csp
c10-m0,c10-m0-s13,csp,2,1.1853,csp
c10-m0,c10-m0-s13,csp,3,0.9589,csp
c10-m0,c10-m0-s14,disabled,1,0.0359,heuristic
c10-m0,c10-m0-s14,disabled,2,0.0505,heuristic
c10-m0,c10-m0-s14,disabled,3,0.0331,heuristic
c10-m0,c10-m0-s14,heuristic,1,3.0158,heuristic
c10-m0,c10-m0-s14,heuristic,2,3.1959,heuristic
c10-m0,c10-m0-s14,heuristic,3,2.9591,heuristic
c10-m0,c10-m0-s14,csp,1,5.2216,csp
c10-m0,c10-m0-s14,csp,2,5.6812,csp
c10-m0,c10-m0-s14,csp,3,5.3066,csp
c10-m0,c10-m0-s15,disabled,1,0.0533,heuristic
c10-m0,c10-m0-s15,disabled,2,0.0500,heuristic
c10-m0,c10-m0-s15,disabled,3,0.0573,heuristic
c10-m0,c10-m0-s15,heuristic,1,4.7083,heuristic
c10-m0,c10-m0-s15,heuristic,2,4.7373,heuristic
c10-m0,c10-m0-s15,heuristic,3,2.7012,heuristic
c10-m0,c10-m0-s15,csp,1,3.7518,csp
c10-m0,c10-m0-s15,csp,2,3.7157,csp
c10-m0,c10-m0-s15,csp,3,3.7934,csp
c10-m0,c10-m0-s16,disabled,1,0.0335,heuristic
c10-m0,c10-m0-s16,disabled,2,0.0297,heuristic
c10-m0,c10-m0-s16,disabled,3,0.0317,heuristic
c10-m0,c10-m0-s16,heuristic,1,2.0862,heuristic
c10-m0,c10-m0-s16,heuristic,2,1.8145,heuristic
c10-m0,c10-m0-s16,heuristic,3,1.8680,heuristic
c10-m0,c10-m0-s16,csp,1,11.6025,csp
c10-m0,c10-m0-s16,csp,2,11.9645,csp
c10-m0,c10-m0-s16,csp,3,10.8418,csp
c10-m0,c10-m0-s17,disabled,1,0.0386,heuristic
c10-m0,c10-m0-s17,disabled,2,0.0376,heuristic
c10-m0,c10-m0-s17,disabled,3,0.0370,heuristic
c10-m0,c10-m0-s17,heuristic,1,3.0819,heuristic
c10-m0,c10-m0-s17,heuristic,2,2.5488,heuristic
c10-m0,c10-m0-s17,heuristic,3,2.4844,heuristic
c10-m0,c10-m0-s17,csp,1,7.8270,csp
c10-m0,c10-m0-s17,csp,2,8.2085,csp
c10-m0,c10-m0-s17,csp,3,7.7047,csp
c10-m0,c10-m0-s18,disabled,1,0.0565,heuristic
c10-m0,c10-m0-s18,disabled,2,0.0399,heuristic
c10-m0,c10-m0-s18,disabled,3,0.0616,heuristic
c10-m0,c10-m0-s18,heuristic,1,1.6861,heuristic
c10-m0,c10-m0-s18,heuristic,2,1.6579,heuristic
c10-m0,c10-m0-s18,heuristic,3,1.6838,heuristic
c10-m0,c10-m0-s18,csp,1,1.9579,csp
c10-m0,c10-m0-s18,csp,2,1.8914,csp
c10-m0,c10-m0-s18,csp,3,2.0176,csp
c10-m0,c10-m0-s19,disabled,1,0.0409,heuristic
c10-m0,c10-m0-s19,disabled,2,0.0375,heuristic
c10-m0,c10-m0-s19,disabled,3,0.0397,heuristic
c10-m0,c10-m0-s19,heuristic,1,2.4889,heuristic
c10-m0,c10-m0-s19,heuristic,2,2.7964,heuristic
c10-m0,c10-m0-s19,heuristic,3,2.5812,heuristic
c10-m0,c10-m0-s19,csp,1,7.2331,csp
c10-m0,c10-m0-s19,csp,2,7.3000,csp
c10-m0,c10-m0-s19,csp,3,7.3434,csp
c10-m0,c10-m0-s20,disabled,1,0.0351,heuristic
c10-m0,c10-m0-s20,disabled,2,0.0369,heuristic
c10-m0,c10-m0-s20,disabled,3,0.0368,heuristic
c10-m0,c10-m0-s20,heuristic,1,1.9210,heuristic
c10-m0,c10-m0-s20,heuristic,2,1.8122,heuristic
c10-m0,c10-m0-s20,heuristic,3,2.0783,heuristic
c10-m0,c10-m0-s20,csp,1,5.8448,csp
c10-m0,c10-m0-s20,csp,2,10.1360,csp
c10-m0,c10-m0-s20,csp,3,8.4489,csp
c10-m0,c10-m0-s21,disabled,1,0.0384,heuristic
c10-m0,c10-m0-s21,disabled,2,0.0377,heuristic
c10-m0,c10-m0-s21,disabled,3,0.0360,heuristic
c10-m0,c10-m0-s21,heuristic,1,3.3621,heuristic
c10-m0,c10-m0-s21,heuristic,2,3.1632,heuristic
c10-m0,c10-m0-s21,heuristic,3,3.4412,heuristic
c10-m0,c10-m0-s21,csp,1,5.7820,csp
c10-m0,c10-m0-s21,csp,2,6.2227,csp
c10-m0,c10-m0-s21,csp,3,6.3738,csp
c10-m0,c10-m0-s22,disabled,1,0.0457,heuristic
c10-m0,c10-m0-s22,disabled,2,0.0310,heuristic
c10-m0,c10-m0-s22,disabled,3,0.0306,heuristic
c10-m0,c10-m0-s22,heuristic,1,3.5881,heuristic
c10-m0,c10-m0-s22,heuristic,2,5.1422,heuristic
c10-m0,c10-m0-s22,heuristic,3,3.3943,heuristic
c10-m0,c10-m0-s22,csp,1,5.2329,csp
c10-m0,c10-m0-s22,csp,2,5.3874,csp
c10-m0,c10-m0-s22,csp,3,5.1765,csp
c10-m0,c10-m0-s23,disabled,1,0.0351,heuristic
c10-m0,c10-m0-s23,disabled,2,0.0339,heuristic
c10-m0,c10-m0-s23,disabled,3,0.0349,heuristic
c10-m0,c10-m0-s23,heuristic,1,2.0601,heuristic
c10-m0,c10-m0-s23,heuristic,2,2.1131,heuristic
c10-m0,c10-m0-s23,heuristic,3,2.1735,heuristic
c10-m0,c10-m0-s23,csp,1,3.7445,csp
c10-m0,c10-m0-s23,csp,2,3.2854,csp
c10-m0,c10-m0-s23,csp,3,2.6846,csp
c10-m0,c10-m0-s24,disabled,1,0.0338,heuristic
c10-m0,c10-m0-s24,disabled,2,0.0366,heuristic
c10-m0,c10-m0-s24,disabled,3,0.0318,heuristic
c10-m0,c10-m0-s24,heuristic,1,1.9811,heuristic
c10-m0,c10-m0-s24,heuristic,2,2.0944,heuristic
c10-m0,c10-m0-s24,heuristic,3,2.0254,heuristic
c10-m0,c10-m0-s24,csp,1,8.3035,csp
c10-m0,c10-m0-s24,csp,2,9.2603,csp
c10-m0,c10-m0-s24,csp,3,8.0706,csp
c10-m0,c10-m0-s25,disabled,1,0.0356,heuristic
c10-m0,c10-m0-s25,disabled,2,0.0320,heuristic
c10-m0,c10-m0-s25,disabled,3,0.0400,heuristic
c10-m0,c10-m0-s25,heuristic,1,2.1069,heuristic
c10-m0,c10-m0-s25,heuristic,2,1.8950,heuristic
c10-m0,c10-m0-s25,heuristic,3,2.0912,heuristic
c10-m0,c10-m0-s25,csp,1,3.3723,csp
c10-m0,c10-m0-s25,csp,2,3.3139,csp
c10-m0,c10-m0-s25,csp,3,4.2734,csp
c10-m1,c10-m1-s1,disabled,1,0.0718,heuristic
c10-m1,c10-m1-s1,disabled,2,0.0519,heuristic
c10-m1,c10-m1-s1,disabled,3,0.0695,heuristic
c10-m1,c10-m1-s1,heuristic,1,3.3936,heuristic
c10-m1,c10-m1-s1,heuristic,2,2.9538,heuristic
c10-m1,c10-m1-s1,heuristic,3,2.9910,heuristic
c10-m1,c10-m1-s1,csp,1,1.7587,csp
c10-m1,c10-m1-s1,csp,2,1.7212,csp
c10-m1,c10-m1-s1,csp,3,1.9064,csp
c10-m1,c10-m1-s2,disabled,1,0.0376,heuristic
c10-m1,c10-m1-s2,disabled,2,0.0411,heuristic
c10-m1,c10-m1-s2,disabled,3,0.0381,heuristic
c10-m1,c10-m1-s2,heuristic,1,3.6728,heuristic
c10-m1,c10-m1-s2,heuristic,2,3.0577,heuristic
c10-m1,c10-m1-s2,heuristic,3,2.6813,heuristic
c10-m1,c10-m1-s2,csp,1,4.5984,csp
c10-m1,c10-m1-s2,csp,2,4.4206,csp
c10-m1,c10-m1-s2,csp,3,4.4302,csp
c10-m1,c10-m1-s3,disabled,1,0.0396,heuristic
c10-m1,c10-m1-s3,disabled,2,0.0352,heuristic
c10-m1,c10-m1-s3,disabled,3,0.0356,heuristic
c10-m1,c10-m1-s3,heuristic,1,1.0188,heuristic
c10-m1,c10-m1-s3,heuristic,2,1.0595,heuristic
c10-m1,c10-m1-s3,heuristic,3,1.0025,heuristic
c10-m1,c10-m1-s3,csp,1,16.3676,csp
c10-m1,c10-m1-s3,csp,2,16.2761,csp
c10-m1,c10-m1-s3,csp,3,16.6270,csp
c10-m1,c10-m1-s4,disabled,1,0.0696,heuristic
c10-m1,c10-m1-s4,disabled,2,0.0536,heuristic
c10-m1,c10-m1-s4,disabled,3,0.0536,heuristic
c10-m1,c10-m1-s4,heuristic,1,2.6639,heuristic
c10-m1,c10-m1-s4,heuristic,2,2.5737,heuristic
c10-m1,c10-m1-s4,heuristic,3,2.7664,heuristic
c10-m1,c10-m1-s4,csp,1,8.4696,csp
c10-m1,c10-m1-s4,csp,2,8.1064,csp
c10-m1,c10-m1-s4,csp,3,8.6585,csp
c10-m1,c10-m1-s5,disabled,1,0.0338,heuristic
c10-m1,c10-m1-s5,disabled,2,0.0326,heuristic
c10-m1,c10-m1-s5,disabled,3,0.0322,heuristic
c10-m1,c10-m1-s5,heuristic,1,1.9091,heuristic
c10-m1,c10-m1-s5,heuristic,2,1.8703,heuristic
c10-m1,c10-m1-s5,heuristic,3,1.7260,heuristic
c10-m1,c10-m1-s5,csp,1,3.8513,csp
c10-m1,c10-m1-s5,csp,2,4.4433,csp
c10-m1,c10-m1-s5,csp,3,5.2297,csp
c10-m1,c10-m1-s6,disabled,1,0.0510,heuristic
c10-m1,c10-m1-s6,disabled,2,0.0491,heuristic
c10-m1,c10-m1-s6,disabled,3,0.0500,heuristic
c10-m1,c10-m1-s6,heuristic,1,2.0682,heuristic
c10-m1,c10-m1-s6,heuristic,2,1.9040,heuristic
c10-m1,c10-m1-s6,heuristic,3,1.8486,heuristic
c10-m1,c10-m1-s6,csp,1,5.0595,csp
c10-m1,c10-m1-s6,csp,2,5.6362,csp
c10-m1,c10-m1-s6,csp,3,6.1967,csp
c10-m1,c10-m1-s7,disabled,1,0.0366,heuristic
c10-m1,c10-m1-s7,disabled,2,0.0369,heuristic
c10-m1,c10-m1-s7,disabled,3,0.0327,heuristic
c10-m1,c10-m1-s7,heuristic,1,7.7770,heuristic
c10-m1,c10-m1-s7,heuristic,2,4.2935,heuristic
c10-m1,c10-m1-s7,heuristic,3,4.5869,heuristic
c10-m1,c10-m1-s7,csp,1,11.3414,csp
c10-m1,c10-m1-s7,csp,2,11.5562,csp
c10-m1,c10-m1-s7,csp,3,11.6740,csp
c10-m1,c10-m1-s8,disabled,1,0.0410,heuristic
c10-m1,c10-m1-s8,disabled,2,0.0349,heuristic
c10-m1,c10-m1-s8,disabled,3,0.0340,heuristic
c10-m1,c10-m1-s8,heuristic,1,2.7684,heuristic
c10-m1,c10-m1-s8,heuristic,2,2.7365,heuristic
c10-m1,c10-m1-s8,heuristic,3,3.0691,heuristic
c10-m1,c10-m1-s8,csp,1,5.2629,csp
c10-m1,c10-m1-s8,csp,2,4.5213,csp
c10-m1,c10-m1-s8,csp,3,4.3444,csp
c10-m1,c10-m1-s9,disabled,1,0.0346,heuristic
c10-m1,c10-m1-s9,disabled,2,0.0344,heuristic
c10-m1,c10-m1-s9,disabled,3,0.0378,heuristic
c10-m1,c10-m1-s9,heuristic,1,2.6414,heuristic
c10-m1,c10-m1-s9,heuristic,2,2.6715,heuristic
c10-m1,c10-m1-s9,heuristic,3,2.8289,heuristic
c10-m1,c10-m1-s9,csp,1,5.2854,csp
c10-m1,c10-m1-s9,csp,2,5.2704,csp
c10-m1,c10-m1-s9,csp,3,5.1583,csp
c10-m1,c10-m1-s10,disabled,1,0.0352,heuristic
c10-m1,c10-m1-s10,disabled,2,0.0404,heuristic
c10-m1,c10-m1-s10,disabled,3,0.0489,heuristic
c10-m1,c10-m1-s10,heuristic,1,3.0164,heuristic
c10-m1,c10-m1-s10,heuristic,2,3.0099,heuristic
c10-m1,c10-m1-s10,heuristic,3,3.2458,heuristic
c10-m1,c10-m1-s10,csp,1,3.2642,csp
c10-m1,c10-m1-s10,csp,2,3.2293,csp
c10-m1,c10-m1-s10,csp,3,2.9990,csp
c10-m1,c10-m1-s11,disabled,1,0.0337,heuristic
c10-m1,c10-m1-s11,disabled,2,0.0331,heuristic
c10-m1,c10-m1-s11,disabled,3,0.0322,heuristic
c10-m1,c10-m1-s11,heuristic,1,3.6715,heuristic
c10-m1,c10-m1-s11,heuristic,2,3.8078,heuristic
c10-m1,c10-m1-s11,heuristic,3,3.5342,heuristic
c10-m1,c10-m1-s11,csp,1,7.7649,csp
c10-m1,c10-m1-s11,csp,2,11.1394,csp
c10-m1,c10-m1-s11,csp,3,10.8267,csp
c10-m1,c10-m1-s12,disabled,1,0.0548,heuristic
c10-m1,c10-m1-s12,disabled,2,0.0520,heuristic
c10-m1,c10-m1-s12,disabled,3,0.0518,heuristic
c10-m1,c10-m1-s12,heuristic,1,5.8551,heuristic
c10-m1,c10-m1-s12,heuristic,2,4.8364,heuristic
c10-m1,c10-m1-s12,heuristic,3,6.7537,heuristic
c10-m1,c10-m1-s12,csp,1,4.6414,csp
c10-m1,c10-m1-s12,csp,2,3.8781,csp
c10-m1,c10-m1-s12,csp,3,3.9487,csp
c10-m1,c10-m1-s13,disabled,1,0.0423,heuristic
c10-m1,c10-m1-s13,disabled,2,0.0305,heuristic
c10-m1,c10-m1-s13,disabled,3,0.0284,heuristic
c10-m1,c10-m1-s13,heuristic,1,1.4739,heuristic
c10-m1,c10-m1-s13,heuristic,2,1.5350,heuristic
c10-m1,c10-m1-s13,heuristic,3,1.4820,heuristic
c10-m1,c10-m1-s13,csp,1,2.4522,csp
c10-m1,c10-m1-s13,csp,2,2.7226,csp
c10-m1,c10-m1-s13,csp,3,2.4125,csp
c10-m1,c10-m1-s14,disabled,1,0.0316,heuristic
c10-m1,c10-m1-s14,disabled,2,0.0302,heuristic
c10-m1,c10-m1-s14,disabled,3,0.0294,heuristic
c10-m1,c10-m1-s14,heuristic,1,2.5221,heuristic
c10-m1,c10-m1-s14,heuristic,2,1.8136,heuristic
c10-m1,c10-m1-s14,heuristic,3,2.5775,heuristic
c10-m1,c10-m1-s14,csp,1,7.3103,csp
c10-m1,c10-m1-s14,csp,2,11.4823,csp
c10-m1,c10-m1-s14,csp,3,11.6508,csp
c10-m1,c10-m1-s15,disabled,1,0.0426,heuristic
c10-m1,c10-m1-s15,disabled,2,0.0477,heuristic
c10-m1,c10-m1-s15,disabled,3,0.0439,heuristic
c10-m1,c10-m1-s15,heuristic,1,2.0223,heuristic
c10-m1,c10-m1-s15,heuristic,2,2.9067,heuristic
c10-m1,c10-m1-s15,heuristic,3,2.0786,heuristic
c10-m1,c10-m1-s15,csp,1,5.8910,csp
c10-m1,c10-m1-s15,csp,2,5.9958,csp
c10-m1,c10-m1-s15,csp,3,6.6270,csp
c10-m1,c10-m1-s16,disabled,1,0.0424,heuristic
c10-m1,c10-m1-s16,disabled,2,0.0403,heuristic
c10-m1,c10-m1-s16,disabled,3,0.0337,heuristic
c10-m1,c10-m1-s16,heuristic,1,1.3974,heuristic
c10-m1,c10-m1-s16,heuristic,2,1.4581,heuristic
c10-m1,c10-m1-s16,heuristic,3,1.1825,heuristic
c10-m1,c10-m1-s16,csp,1,11.9733,csp
c10-m1,c10-m1-s16,csp,2,10.3078,csp
c10-m1,c10-m1-s16,csp,3,9.9179,csp
c10-m1,c10-m1-s17,disabled,1,0.0460,heuristic
c10-m1,c10-m1-s17,disabled,2,0.0426,heuristic
c10-m1,c10-m1-s17,disabled,3,0.0388,heuristic
c10-m1,c10-m1-s17,heuristic,1,1.4971,heuristic
c10-m1,c10-m1-s17,heuristic,2,1.8489,heuristic
c10-m1,c10-m1-s17,heuristic,3,2.0494,heuristic
c10-m1,c10-m1-s17,csp,1,7.5840,csp
c10-m1,c10-m1-s17,csp,2,9.2710,csp
c10-m1,c10-m1-s17,csp,3,8.6657,csp
c10-m1,c10-m1-s18,disabled,1,0.0251,heuristic
c10-m1,c10-m1-s18,disabled,2,0.0226,heuristic
c10-m1,c10-m1-s18,disabled,3,0.0213,heuristic
c10-m1,c10-m1-s18,heuristic,1,1.0056,heuristic
c10-m1,c10-m1-s18,heuristic,2,0.9927,heuristic
c10-m1,c10-m1-s18,heuristic,3,0.9621,heuristic
c10-m1,c10-m1-s18,csp,1,4.5022,csp
c10-m1,c10-m1-s18,csp,2,3.8240,csp
c10-m1,c10-m1-s18,csp,3,3.5017,csp
c10-m1,c10-m1-s19,disabled,1,0.0242,heuristic
c10-m1,c10-m1-s19,disabled,2,0.0234,heuristic
c10-m1,c10-m1-s19,disabled,3,0.0337,heuristic
c10-m1,c10-m1-s19,heuristic,1,0.9597,heuristic
c10-m1,c10-m1-s19,heuristic,2,0.8821,heuristic
c10-m1,c10-m1-s19,heuristic,3,0.8498,heuristic
c10-m1,c10-m1-s19,csp,1,7.2867,csp
c10-m1,c10-m1-s19,csp,2,7.4636,csp
c10-m1,c10-m1-s19,csp,3,7.6086,csp
c10-m1,c10-m1-s20,disabled,1,0.0208,heuristic
c10-m1,c10-m1-s20,disabled,2,0.0188,heuristic
c10-m1,c10-m1-s20,disabled,3,0.0185,heuristic
c10-m1,c10-m1-s20,heuristic,1,0.5833,heuristic
c10-m1,c10-m1-s20,heuristic,2,0.5618,heuristic
c10-m1,c10-m1-s20,heuristic,3,0.5557,heuristic
c10-m1,c10-m1-s20,csp,1,9.2101,csp
c10-m1,c10-m1-s20,csp,2,7.1408,csp
c10-m1,c10-m1-s20,csp,3,6.7513,csp
c10-m1,c10-m1-s21,disabled,1,0.0218,heuristic
c10-m1,c10-m1-s21,disabled,2,0.0209,heuristic
c10-m1,c10-m1-s21,disabled,3,0.0193,heuristic
c10-m1,c10-m1-s21,heuristic,1,1.0178,heuristic
c10-m1,c10-m1-s21,heuristic,2,0.9963,heuristic
c10-m1,c10-m1-s21,heuristic,3,1.1926,heuristic
c10-m1,c10-m1-s21,csp,1,7.4687,csp
c10-m1,c10-m1-s21,csp,2,7.2695,csp
c10-m1,c10-m1-s21,csp,3,7.3017,csp
c10-m1,c10-m1-s22,disabled,1,0.0160,heuristic
c10-m1,c10-m1-s22,disabled,2,0.0146,heuristic
c10-m1,c10-m1-s22,disabled,3,0.0145,heuristic
c10-m1,c10-m1-s22,heuristic,1,1.9283,heuristic
c10-m1,c10-m1-s22,heuristic,2,1.2230,heuristic
c10-m1,c10-m1-s22,heuristic,3,1.2011,heuristic
c10-m1,c10-m1-s22,csp,1,6.5248,csp
c10-m1,c10-m1-s22,csp,2,6.3280,csp
c10-m1,c10-m1-s22,csp,3,5.3849,csp
c10-m1,c10-m1-s23,disabled,1,0.0160,heuristic
c10-m1,c10-m1-s23,disabled,2,0.0148,heuristic
c10-m1,c10-m1-s23,disabled,3,0.0136,heuristic
c10-m1,c10-m1-s23,heuristic,1,0.6781,heuristic
c10-m1,c10-m1-s23,heuristic,2,0.6939,heuristic
c10-m1,c10-m1-s23,heuristic,3,0.8668,heuristic
c10-m1,c10-m1-s23,csp,1,2.9893,csp
c10-m1,c10-m1-s23,csp,2,2.2043,csp
c10-m1,c10-m1-s23,csp,3,2.4728,csp
c10-m1,c10-m1-s24,disabled,1,0.0148,heuristic
c10-m1,c10-m1-s24,disabled,2,0.0145,heuristic
c10-m1,c10-m1-s24,disabled,3,0.0137,heuristic
c10-m1,c10-m1-s24,heuristic,1,0.5885,heuristic
c10-m1,c10-m1-s24,heuristic,2,0.5960,heuristic
c10-m1,c10-m1-s24,heuristic,3,0.7913,heuristic
c10-m1,c10-m1-s24,csp,1,8.8007,csp
c10-m1,c10-m1-s24,csp,2,8.0502,csp
c10-m1,c10-m1-s24,csp,3,7.5277,csp
c10-m1,c10-m1-s25,disabled,1,0.0132,heuristic
c10-m1,c10-m1-s25,disabled,2,0.0140,heuristic
c10-m1,c10-m1-s25,disabled,3,0.0128,heuristic
c10-m1,c10-m1-s25,heuristic,1,0.7562,heuristic
c10-m1,c10-m1-s25,heuristic,2,0.5410,heuristic
c10-m1,c10-m1-s25,heuristic,3,0.5104,heuristic
c10-m1,c10-m1-s25,csp,1,2.6750,csp
c10-m1,c10-m1-s25,csp,2,2.9657,csp
c10-m1,c10-m1-s25,csp,3,2.9177,csp
c10-m3,c10-m3-s1,disabled,1,0.0471,heuristic
c10-m3,c10-m3-s1,disabled,2,0.0520,heuristic
c10-m3,c10-m3-s1,disabled,3,0.0485,heuristic
c10-m3,c10-m3-s1,heuristic,1,2.6416,heuristic
c10-m3,c10-m3-s1,heuristic,2,2.5936,heuristic
c10-m3,c10-m3-s1,heuristic,3,2.5943,heuristic
c10-m3,c10-m3-s1,csp,1,1.4212,csp
c10-m3,c10-m3-s1,csp,2,1.6013,csp
c10-m3,c10-m3-s1,csp,3,1.4016,csp
c10-m3,c10-m3-s2,disabled,1,0.0462,heuristic
c10-m3,c10-m3-s2,disabled,2,0.0426,heuristic
c10-m3,c10-m3-s2,disabled,3,0.0449,heuristic
c10-m3,c10-m3-s2,heuristic,1,2.5187,heuristic
c10-m3,c10-m3-s2,heuristic,2,2.9437,heuristic
c10-m3,c10-m3-s2,heuristic,3,2.3442,heuristic
c10-m3,c10-m3-s2,csp,1,4.7332,csp
c10-m3,c10-m3-s2,csp,2,5.5657,csp
c10-m3,c10-m3-s2,csp,3,5.8604,csp
c10-m3,c10-m3-s3,disabled,1,0.0310,heuristic
c10-m3,c10-m3-s3,disabled,2,0.0350,heuristic
c10-m3,c10-m3-s3,disabled,3,0.0366,heuristic
c10-m3,c10-m3-s3,heuristic,1,2.8642,heuristic
c10-m3,c10-m3-s3,heuristic,2,3.3552,heuristic
c10-m3,c10-m3-s3,heuristic,3,2.1953,heuristic
c10-m3,c10-m3-s3,csp,1,14.1237,csp
c10-m3,c10-m3-s3,csp,2,14.5631,csp
c10-m3,c10-m3-s3,csp,3,14.9368,csp
c10-m3,c10-m3-s4,disabled,1,0.0381,heuristic
c10-m3,c10-m3-s4,disabled,2,0.0363,heuristic
c10-m3,c10-m3-s4,disabled,3,0.0316,heuristic
c10-m3,c10-m3-s4,heuristic,1,3.8475,heuristic
c10-m3,c10-m3-s4,heuristic,2,4.3674,heuristic
c10-m3,c10-m3-s4,heuristic,3,2.6997,heuristic
c10-m3,c10-m3-s4,csp,1,4.5580,csp
c10-m3,c10-m3-s4,csp,2,4.7943,csp
c10-m3,c10-m3-s4,csp,3,4.7528,csp
c10-m3,c10-m3-s5,disabled,1,0.0300,heuristic
c10-m3,c10-m3-s5,disabled,2,0.0306,heuristic
c10-m3,c10-m3-s5,disabled,3,0.0300,heuristic
c10-m3,c10-m3-s5,heuristic,1,1.8189,heuristic
c10-m3,c10-m3-s5,heuristic,2,2.0534,heuristic
c10-m3,c10-m3-s5,heuristic,3,2.1021,heuristic
c10-m3,c10-m3-s5,csp,1,3.9326,csp
c10-m3,c10-m3-s5,csp,2,3.6714,csp
c10-m3,c10-m3-s5,csp,3,3.6660,csp
c10-m3,c10-m3-s6,disabled,1,0.0341,heuristic
c10-m3,c10-m3-s6,disabled,2,0.0447,heuristic
c10-m3,c10-m3-s6,disabled,3,0.0323,heuristic
c10-m3,c10-m3-s6,heuristic,1,2.5161,heuristic
c10-m3,c10-m3-s6,heuristic,2,2.3248,heuristic
c10-m3,c10-m3-s6,heuristic,3,2.0771,heuristic
c10-m3,c10-m3-s6,csp,1,2.2711,csp
c10-m3,c10-m3-s6,csp,2,2.4686,csp
c10-m3,c10-m3-s6,csp,3,2.3564,csp
c10-m3,c10-m3-s7,disabled,1,0.0316,heuristic
c10-m3,c10-m3-s7,disabled,2,0.0384,heuristic
c10-m3,c10-m3-s7,disabled,3,0.0306,heuristic
c10-m3,c10-m3-s7,heuristic,1,3.2892,heuristic
c10-m3,c10-m3-s7,heuristic,2,3.4140,heuristic
c10-m3,c10-m3-s7,heuristic,3,3.6515,heuristic
c10-m3,c10-m3-s7,csp,1,16.1644,csp
c10-m3,c10-m3-s7,csp,2,13.6724,csp
c10-m3,c10-m3-s7,csp,3,12.8372,csp
c10-m3,c10-m3-s8,disabled,1,0.0505,heuristic
c10-m3,c10-m3-s8,disabled,2,0.0569,heuristic
c10-m3,c10-m3-s8,disabled,3,0.0502,heuristic
c10-m3,c10-m3-s8,heuristic,1,4.1623,heuristic
c10-m3,c10-m3-s8,heuristic,2,4.4532,heuristic
c10-m3,c10-m3-s8,heuristic,3,3.4014,heuristic
c10-m3,c10-m3-s8,csp,1,5.0156,csp
c10-m3,c10-m3-s8,csp,2,4.9310,csp
c10-m3,c10-m3-s8,csp,3,6.3254,csp
c10-m3,c10-m3-s9,disabled,1,0.0373,heuristic
c10-m3,c10-m3-s9,disabled,2,0.0340,heuristic
c10-m3,c10-m3-s9,disabled,3,0.0335,heuristic
c10-m3,c10-m3-s9,heuristic,1,2.9554,heuristic
c10-m3,c10-m3-s9,heuristic,2,2.4009,heuristic
c10-m3,c10-m3-s9,heuristic,3,2.8887,heuristic
c10-m3,c10-m3-s9,csp,1,8.6824,csp
c10-m3,c10-m3-s9,csp,2,10.8099,csp
c10-m3,c10-m3-s9,csp,3,15.2099,csp
c10-m3,c10-m3-s10,disabled,1,0.0574,heuristic
c10-m3,c10-m3-s10,disabled,2,0.0557,heuristic
c10-m3,c10-m3-s10,disabled,3,0.0549,heuristic
c10-m3,c10-m3-s10,heuristic,1,4.6013,heuristic
c10-m3,c10-m3-s10,heuristic,2,4.8578,heuristic
c10-m3,c10-m3-s10,heuristic,3,5.3366,heuristic
c10-m3,c10-m3-s10,csp,1,5.0896,csp
c10-m3,c10-m3-s10,csp,2,4.2642,csp
c10-m3,c10-m3-s10,csp,3,4.0440,csp
c10-m3,c10-m3-s11,disabled,1,0.0369,heuristic
c10-m3,c10-m3-s11,disabled,2,0.0318,heuristic
c10-m3,c10-m3-s11,disabled,3,0.0439,heuristic
c10-m3,c10-m3-s11,heuristic,1,3.8373,heuristic
c10-m3,c10-m3-s11,heuristic,2,3.1614,heuristic
c10-m3,c10-m3-s11,heuristic,3,3.5235,heuristic
c10-m3,c10-m3-s11,csp,1,6.3921,csp
c10-m3,c10-m3-s11,csp,2,10.3112,csp
c10-m3,c10-m3-s11,csp,3,10.2232,csp
c10-m3,c10-m3-s12,disabled,1,0.0498,heuristic
c10-m3,c10-m3-s12,disabled,2,0.0543,heuristic
c10-m3,c10-m3-s12,disabled,3,0.0496,heuristic
c10-m3,c10-m3-s12,heuristic,1,5.0103,heuristic
c10-m3,c10-m3-s12,heuristic,2,4.9395,heuristic
c10-m3,c10-m3-s12,heuristic,3,4.0932,heuristic
c10-m3,c10-m3-s12,csp,1,3.6607,csp
c10-m3,c10-m3-s12,csp,2,3.3488,csp
c10-m3,c10-m3-s12,csp,3,3.5518,csp
c10-m3,c10-m3-s13,disabled,1,0.0432,heuristic
c10-m3,c10-m3-s13,disabled,2,0.0440,heuristic
c10-m3,c10-m3-s13,disabled,3,0.0488,heuristic
c10-m3,c10-m3-s13,heuristic,1,1.8453,heuristic
c10-m3,c10-m3-s13,heuristic,2,2.1324,heuristic
c10-m3,c10-m3-s13,heuristic,3,1.8420,heuristic
c10-m3,c10-m3-s13,csp,1,1.1258,csp
c10-m3,c10-m3-s13,csp,2,1.1214,csp
c10-m3,c10-m3-s13,csp,3,1.1878,csp
c10-m3,c10-m3-s14,disabled,1,0.2812,heuristic
c10-m3,c10-m3-s14,disabled,2,0.0506,heuristic
c10-m3,c10-m3-s14,disabled,3,0.0406,heuristic
c10-m3,c10-m3-s14,heuristic,1,2.8763,heuristic
c10-m3,c10-m3-s14,heuristic,2,2.8993,heuristic
c10-m3,c10-m3-s14,heuristic,3,3.2216,heuristic
c10-m3,c10-m3-s14,csp,1,3.4084,csp
c10-m3,c10-m3-s14,csp,2,2.3387,csp
c10-m3,c10-m3-s14,csp,3,3.0626,csp
c10-m3,c10-m3-s15,disabled,1,0.0420,heuristic
c10-m3,c10-m3-s15,disabled,2,0.0383,heuristic
c10-m3,c10-m3-s15,disabled,3,0.0417,heuristic
c10-m3,c10-m3-s15,heuristic,1,4.5087,heuristic
c10-m3,c10-m3-s15,heuristic,2,4.6407,heuristic
c10-m3,c10-m3-s15,heuristic,3,3.2753,heuristic
c10-m3,c10-m3-s15,csp,1,4.0503,csp
c10-m3,c10-m3-s15,csp,2,3.9114,csp
c10-m3,c10-m3-s15,csp,3,3.7701,csp
c10-m3,c10-m3-s16,disabled,1,0.0265,heuristic
c10-m3,c10-m3-s16,disabled,2,0.0253,heuristic
c10-m3,c10-m3-s16,disabled,3,0.0240,heuristic
c10-m3,c10-m3-s16,heuristic,1,2.2276,heuristic
c10-m3,c10-m3-s16,heuristic,2,2.0831,heuristic
c10-m3,c10-m3-s16,heuristic,3,1.9858,heuristic
c10-m3,c10-m3-s16,csp,1,8.6849,csp
c10-m3,c10-m3-s16,csp,2,9.5814,csp
c10-m3,c10-m3-s16,csp,3,8.8911,csp
c10-m3,c10-m3-s17,disabled,1,0.0437,heuristic
c10-m3,c10-m3-s17,disabled,2,0.0425,heuristic
c10-m3,c10-m3-s17,disabled,3,0.0432,heuristic
c10-m3,c10-m3-s17,heuristic,1,2.4014,heuristic
c10-m3,c10-m3-s17,heuristic,2,2.0506,heuristic
c10-m3,c10-m3-s17,heuristic,3,1.7360,heuristic
c10-m3,c10-m3-s17,csp,1,6.9885,csp
c10-m3,c10-m3-s17,csp,2,9.6980,csp
c10-m3,c10-m3-s17,csp,3,6.2604,csp
c10-m3,c10-m3-s18,disabled,1,0.0257,heuristic
c10-m3,c10-m3-s18,disabled,2,0.0237,heuristic
c10-m3,c10-m3-s18,disabled,3,0.0234,heuristic
c10-m3,c10-m3-s18,heuristic,1,1.2802,heuristic
c10-m3,c10-m3-s18,heuristic,2,1.0749,heuristic
c10-m3,c10-m3-s18,heuristic,3,1.0071,heuristic
c10-m3,c10-m3-s18,csp,1,2.3100,csp
c10-m3,c10-m3-s18,csp,2,2.5894,csp
c10-m3,c10-m3-s18,csp,3,2.3755,csp
c10-m3,c10-m3-s19,disabled,1,0.0272,heuristic
c10-m3,c10-m3-s19,disabled,2,0.0376,heuristic
c10-m3,c10-m3-s19,disabled,3,0.0261,heuristic
c10-m3,c10-m3-s19,heuristic,1,2.5979,heuristic
c10-m3,c10-m3-s19,heuristic,2,2.6038,heuristic
c10-m3,c10-m3-s19,heuristic,3,2.5918,heuristic
c10-m3,c10-m3-s19,csp,1,4.8897,csp
c10-m3,c10-m3-s19,csp,2,4.7296,csp
c10-m3,c10-m3-s19,csp,3,5.3165,csp
c10-m3,c10-m3-s20,disabled,1,0.0256,heuristic
c10-m3,c10-m3-s20,disabled,2,0.0235,heuristic
c10-m3,c10-m3-s20,disabled,3,0.0238,heuristic
c10-m3,c10-m3-s20,heuristic,1,2.9018,heuristic
c10-m3,c10-m3-s20,heuristic,2,2.6453,heuristic
c10-m3,c10-m3-s20,heuristic,3,2.8600,heuristic
c10-m3,c10-m3-s20,csp,1,9.2156,csp
c10-m3,c10-m3-s20,csp,2,9.1771,csp
c10-m3,c10-m3-s20,csp,3,8.8594,csp
c10-m3,c10-m3-s21,disabled,1,0.0299,heuristic
c10-m3,c10-m3-s21,disabled,2,0.0316,heuristic
c10-m3,c10-m3-s21,disabled,3,0.0291,heuristic
c10-m3,c10-m3-s21,heuristic,1,1.8612,heuristic
c10-m3,c10-m3-s21,heuristic,2,1.7401,heuristic
c10-m3,c10-m3-s21,heuristic,3,1.8600,heuristic
c10-m3,c10-m3-s21,csp,1,4.1543,csp
c10-m3,c10-m3-s21,csp,2,3.8340,csp
c10-m3,c10-m3-s21,csp,3,3.8843,csp
c10-m3,c10-m3-s22,disabled,1,0.0350,heuristic
c10-m3,c10-m3-s22,disabled,2,0.0250,heuristic
c10-m3,c10-m3-s22,disabled,3,0.0256,heuristic
c10-m3,c10-m3-s22,heuristic,1,2.6589,heuristic
c10-m3,c10-m3-s22,heuristic,2,2.3347,heuristic
c10-m3,c10-m3-s22,heuristic,3,2.6892,heuristic
c10-m3,c10-m3-s22,csp,1,7.0670,csp
c10-m3,c10-m3-s22,csp,2,6.5172,csp
c10-m3,c10-m3-s22,csp,3,4.9641,csp
c10-m3,c10-m3-s23,disabled,1,0.0319,heuristic
c10-m3,c10-m3-s23,disabled,2,0.0286,heuristic
c10-m3,c10-m3-s23,disabled,3,0.0277,heuristic
c10-m3,c10-m3-s23,heuristic,1,2.9933,heuristic
c10-m3,c10-m3-s23,heuristic,2,2.1134,heuristic
c10-m3,c10-m3-s23,heuristic,3,2.7000,heuristic
c10-m3,c10-m3-s23,csp,1,2.7421,csp
c10-m3,c10-m3-s23,csp,2,3.2561,csp
c10-m3,c10-m3-s23,csp,3,2.4079,csp
c10-m3,c10-m3-s24,disabled,1,0.0256,heuristic
c10-m3,c10-m3-s24,disabled,2,0.0331,heuristic
c10-m3,c10-m3-s24,disabled,3,0.0257,heuristic
c10-m3,c10-m3-s24,heuristic,1,1.7499,heuristic
c10-m3,c10-m3-s24,heuristic,2,1.7271,heuristic
c10-m3,c10-m3-s24,heuristic,3,1.5380,heuristic
c10-m3,c10-m3-s24,csp,1,6.9078,csp
c10-m3,c10-m3-s24,csp,2,4.9987,csp
c10-m3,c10-m3-s24,csp,3,4.6763,csp
c10-m3,c10-m3-s25,disabled,1,0.0247,heuristic
c10-m3,c10-m3-s25,disabled,2,0.0254,heuristic
c10-m3,c10-m3-s25,disabled,3,0.0241,heuristic
c10-m3,c10-m3-s25,heuristic,1,1.6758,heuristic
c10-m3,c10-m3-s25,heuristic,2,1.7107,heuristic
c10-m3,c10-m3-s25,heuristic,3,2.3187,heuristic
c10-m3,c10-m3-s25,csp,1,5.0931,csp
c10-m3,c10-m3-s25,csp,2,5.0305,csp
c10-m3,c10-m3-s25,csp,3,4.9473,csp
c10-m6,c10-m6-s1,disabled,1,3.1589,heuristic
c10-m6,c10-m6-s1,disabled,2,4.1565,heuristic
c10-m6,c10-m6-s1,disabled,3,7.2535,heuristic
c10-m6,c10-m6-s1,heuristic,1,7.5650,heuristic
c10-m6,c10-m6-s1,heuristic,2,6.5804,heuristic
c10-m6,c10-m6-s1,heuristic,3,8.4955,heuristic
c10-m6,c10-m6-s1,csp,1,1.1172,csp
c10-m6,c10-m6-s1,csp,2,1.4113,csp
c10-m6,c10-m6-s1,csp,3,1.1105,csp
c10-m6,c10-m6-s2,disabled,1,3.2440,heuristic
c10-m6,c10-m6-s2,disabled,2,3.1470,heuristic
c10-m6,c10-m6-s2,disabled,3,3.8604,heuristic
c10-m6,c10-m6-s2,heuristic,1,7.2240,heuristic
c10-m6,c10-m6-s2,heuristic,2,6.5847,heuristic
c10-m6,c10-m6-s2,heuristic,3,5.9479,heuristic
c10-m6,c10-m6-s2,csp,1,4.3591,csp
c10-m6,c10-m6-s2,csp,2,4.4227,csp
c10-m6,c10-m6-s2,csp,3,6.2920,csp
c10-m6,c10-m6-s3,disabled,1,3.2250,heuristic
c10-m6,c10-m6-s3,disabled,2,3.1522,heuristic
c10-m6,c10-m6-s3,disabled,3,3.2359,heuristic
c10-m6,c10-m6-s3,heuristic,1,5.6583,heuristic
c10-m6,c10-m6-s3,heuristic,2,5.8170,heuristic
c10-m6,c10-m6-s3,heuristic,3,6.8084,heuristic
c10-m6,c10-m6-s3,csp,1,15.3239,csp
c10-m6,c10-m6-s3,csp,2,14.3299,csp
c10-m6,c10-m6-s3,csp,3,13.9188,csp
c10-m6,c10-m6-s4,disabled,1,2.8945,heuristic
c10-m6,c10-m6-s4,disabled,2,3.0879,heuristic
c10-m6,c10-m6-s4,disabled,3,3.3239,heuristic
c10-m6,c10-m6-s4,heuristic,1,6.0029,heuristic
c10-m6,c10-m6-s4,heuristic,2,4.7432,heuristic
c10-m6,c10-m6-s4,heuristic,3,5.0463,heuristic
c10-m6,c10-m6-s4,csp,1,7.7901,csp
c10-m6,c10-m6-s4,csp,2,8.0876,csp
c10-m6,c10-m6-s4,csp,3,7.8285,csp
c10-m6,c10-m6-s5,disabled,1,4.5139,heuristic
c10-m6,c10-m6-s5,disabled,2,4.0229,heuristic
c10-m6,c10-m6-s5,disabled,3,2.8371,heuristic
c10-m6,c10-m6-s5,heuristic,1,6.9353,heuristic
c10-m6,c10-m6-s5,heuristic,2,6.4792,heuristic
c10-m6,c10-m6-s5,heuristic,3,7.0945,heuristic
c10-m6,c10-m6-s5,csp,1,2.7265,csp
c10-m6,c10-m6-s5,csp,2,2.7106,csp
c10-m6,c10-m6-s5,csp,3,2.5950,csp
c10-m6,c10-m6-s6,disabled,1,4.1453,heuristic
c10-m6,c10-m6-s6,disabled,2,3.7765,heuristic
c10-m6,c10-m6-s6,disabled,3,3.0616,heuristic
c10-m6,c10-m6-s6,heuristic,1,5.7450,heuristic
c10-m6,c10-m6-s6,heuristic,2,5.9297,heuristic
c10-m6,c10-m6-s6,heuristic,3,5.5369,heuristic
c10-m6,c10-m6-s6,csp,1,2.7394,csp
c10-m6,c10-m6-s6,csp,2,3.1507,csp
c10-m6,c10-m6-s6,csp,3,2.9572,csp
c10-m6,c10-m6-s7,disabled,1,2.9967,heuristic
c10-m6,c10-m6-s7,disabled,2,3.8893,heuristic
c10-m6,c10-m6-s7,disabled,3,4.6772,heuristic
c10-m6,c10-m6-s7,heuristic,1,5.6652,heuristic
c10-m6,c10-m6-s7,heuristic,2,6.1969,heuristic
c10-m6,c10-m6-s7,heuristic,3,7.0909,heuristic
c10-m6,c10-m6-s7,csp,1,6.9956,csp
c10-m6,c10-m6-s7,csp,2,7.1988,csp
c10-m6,c10-m6-s7,csp,3,7.3693,csp
c10-m6,c10-m6-s8,disabled,1,3.3289,heuristic
c10-m6,c10-m6-s8,disabled,2,4.3552,heuristic
c10-m6,c10-m6-s8,disabled,3,3.6292,heuristic
c10-m6,c10-m6-s8,heuristic,1,6.8001,heuristic
c10-m6,c10-m6-s8,heuristic,2,6.2606,heuristic
c10-m6,c10-m6-s8,heuristic,3,6.3317,heuristic
c10-m6,c10-m6-s8,csp,1,2.5083,csp
c10-m6,c10-m6-s8,csp,2,2.7483,csp
c10-m6,c10-m6-s8,csp,3,2.6723,csp
c10-m6,c10-m6-s9,disabled,1,3.1661,heuristic
c10-m6,c10-m6-s9,disabled,2,3.3059,heuristic
c10-m6,c10-m6-s9,disabled,3,4.0607,heuristic
c10-m6,c10-m6-s9,heuristic,1,6.6547,heuristic
c10-m6,c10-m6-s9,heuristic,2,5.4295,heuristic
c10-m6,c10-m6-s9,heuristic,3,5.1527,heuristic
c10-m6,c10-m6-s9,csp,1,3.9736,csp
c10-m6,c10-m6-s9,csp,2,4.0325,csp
c10-m6,c10-m6-s9,csp,3,4.1113,csp
c10-m6,c10-m6-s10,disabled,1,3.9533,heuristic
c10-m6,c10-m6-s10,disabled,2,3.4427,heuristic
c10-m6,c10-m6-s10,disabled,3,3.7217,heuristic
c10-m6,c10-m6-s10,heuristic,1,6.0761,heuristic
c10-m6,c10-m6-s10,heuristic,2,6.2171,heuristic
c10-m6,c10-m6-s10,heuristic,3,5.9971,heuristic
c10-m6,c10-m6-s10,csp,1,4.3163,csp
c10-m6,c10-m6-s10,csp,2,4.3726,csp
c10-m6,c10-m6-s10,csp,3,4.2715,csp
c10-m6,c10-m6-s11,disabled,1,4.1805,heuristic
c10-m6,c10-m6-s11,disabled,2,2.6608,heuristic
c10-m6,c10-m6-s11,disabled,3,2.7596,heuristic
c10-m6,c10-m6-s11,heuristic,1,5.7087,heuristic
c10-m6,c10-m6-s11,heuristic,2,5.2452,heuristic
c10-m6,c10-m6-s11,heuristic,3,5.1796,heuristic
c10-m6,c10-m6-s11,csp,1,2.7790,csp
c10-m6,c10-m6-s11,csp,2,2.9824,csp
c10-m6,c10-m6-s11,csp,3,2.9513,csp
c10-m6,c10-m6-s12,disabled,1,2.6666,heuristic
c10-m6,c10-m6-s12,disabled,2,3.8735,heuristic
c10-m6,c10-m6-s12,disabled,3,3.0084,heuristic
c10-m6,c10-m6-s12,heuristic,1,7.8394,heuristic
c10-m6,c10-m6-s12,heuristic,2,6.0209,heuristic
c10-m6,c10-m6-s12,heuristic,3,6.1256,heuristic
c10-m6,c10-m6-s12,csp,1,1.4387,csp
c10-m6,c10-m6-s12,csp,2,1.7896,csp
c10-m6,c10-m6-s12,csp,3,1.5168,csp
c10-m6,c10-m6-s13,disabled,1,3.6738,heuristic
c10-m6,c10-m6-s13,disabled,2,3.1325,heuristic
c10-m6,c10-m6-s13,disabled,3,3.3682,heuristic
c10-m6,c10-m6-s13,heuristic,1,5.9726,heuristic
c10-m6,c10-m6-s13,heuristic,2,6.8990,heuristic
c10-m6,c10-m6-s13,heuristic,3,4.9016,heuristic
c10-m6,c10-m6-s13,csp,1,4.5811,csp
c10-m6,c10-m6-s13,csp,2,4.6371,csp
c10-m6,c10-m6-s13,csp,3,4.7490,csp
c10-m6,c10-m6-s14,disabled,1,4.1194,heuristic
c10-m6,c10-m6-s14,disabled,2,3.7337,heuristic
c10-m6,c10-m6-s14,disabled,3,3.8697,heuristic
c10-m6,c10-m6-s14,heuristic,1,7.2939,heuristic
c10-m6,c10-m6-s14,heuristic,2,6.1489,heuristic
c10-m6,c10-m6-s14,heuristic,3,6.5590,heuristic
c10-m6,c10-m6-s14,csp,1,1.4023,csp
c10-m6,c10-m6-s14,csp,2,1.5671,csp
c10-m6,c10-m6-s14,csp,3,1.4231,csp
c10-m6,c10-m6-s15,disabled,1,4.5913,heuristic
c10-m6,c10-m6-s15,disabled,2,3.8490,heuristic
c10-m6,c10-m6-s15,disabled,3,3.1599,heuristic
c10-m6,c10-m6-s15,heuristic,1,6.0990,heuristic
c10-m6,c10-m6-s15,heuristic,2,5.5670,heuristic
c10-m6,c10-m6-s15,heuristic,3,5.7900,heuristic
c10-m6,c10-m6-s15,csp,1,3.5959,csp
c10-m6,c10-m6-s15,csp,2,3.7254,csp
c10-m6,c10-m6-s15,csp,3,3.7798,csp
c10-m6,c10-m6-s16,disabled,1,2.8659,heuristic
c10-m6,c10-m6-s16,disabled,2,2.9285,heuristic
c10-m6,c10-m6-s16,disabled,3,3.0397,heuristic
c10-m6,c10-m6-s16,heuristic,1,4.3306,heuristic
c10-m6,c10-m6-s16,heuristic,2,4.3207,heuristic
c10-m6,c10-m6-s16,heuristic,3,7.0136,heuristic
c10-m6,c10-m6-s16,csp,1,8.9140,csp
c10-m6,c10-m6-s16,csp,2,9.5539,csp
c10-m6,c10-m6-s16,csp,3,9.9924,csp
c10-m6,c10-m6-s17,disabled,1,4.5055,heuristic
c10-m6,c10-m6-s17,disabled,2,3.0607,heuristic
c10-m6,c10-m6-s17,disabled,3,3.1395,heuristic
c10-m6,c10-m6-s17,heuristic,1,6.8005,heuristic
c10-m6,c10-m6-s17,heuristic,2,4.9025,heuristic
c10-m6,c10-m6-s17,heuristic,3,4.9896,heuristic
c10-m6,c10-m6-s17,csp,1,6.9453,csp
c10-m6,c10-m6-s17,csp,2,6.6522,csp
c10-m6,c10-m6-s17,csp,3,7.0377,csp
c10-m6,c10-m6-s18,disabled,1,2.7398,heuristic
c10-m6,c10-m6-s18,disabled,2,3.0887,heuristic
c10-m6,c10-m6-s18,disabled,3,3.4196,heuristic
c10-m6,c10-m6-s18,heuristic,1,4.9431,heuristic
c10-m6,c10-m6-s18,heuristic,2,4.6246,heuristic
c10-m6,c10-m6-s18,heuristic,3,4.1896,heuristic
c10-m6,c10-m6-s18,csp,1,2.1284,csp
c10-m6,c10-m6-s18,csp,2,2.4203,csp
c10-m6,c10-m6-s18,csp,3,2.1806,csp
c10-m6,c10-m6-s19,disabled,1,3.7320,heuristic
c10-m6,c10-m6-s19,disabled,2,3.8685,heuristic
c10-m6,c10-m6-s19,disabled,3,3.0518,heuristic
c10-m6,c10-m6-s19,heuristic,1,5.5535,heuristic
c10-m6,c10-m6-s19,heuristic,2,6.0336,heuristic
c10-m6,c10-m6-s19,heuristic,3,5.4693,heuristic
c10-m6,c10-m6-s19,csp,1,6.2561,csp
c10-m6,c10-m6-s19,csp,2,6.0422,csp
c10-m6,c10-m6-s19,csp,3,6.1774,csp
c10-m6,c10-m6-s20,disabled,1,3.9986,heuristic
c10-m6,c10-m6-s20,disabled,2,3.6837,heuristic
c10-m6,c10-m6-s20,disabled,3,3.8133,heuristic
c10-m6,c10-m6-s20,heuristic,1,5.0401,heuristic
c10-m6,c10-m6-s20,heuristic,2,5.7956,heuristic
c10-m6,c10-m6-s20,heuristic,3,5.3260,heuristic
c10-m6,c10-m6-s20,csp,1,4.9340,csp
c10-m6,c10-m6-s20,csp,2,5.3001,csp
c10-m6,c10-m6-s20,csp,3,4.9982,csp
c10-m6,c10-m6-s21,disabled,1,3.8996,heuristic
c10-m6,c10-m6-s21,disabled,2,3.6028,heuristic
c10-m6,c10-m6-s21,disabled,3,3.9177,heuristic
c10-m6,c10-m6-s21,heuristic,1,5.4616,heuristic
c10-m6,c10-m6-s21,heuristic,2,5.6150,heuristic
c10-m6,c10-m6-s21,heuristic,3,4.7223,heuristic
c10-m6,c10-m6-s21,csp,1,3.0369,csp
c10-m6,c10-m6-s21,csp,2,4.0058,csp
c10-m6,c10-m6-s21,csp,3,3.3798,csp
c10-m6,c10-m6-s22,disabled,1,2.7381,heuristic
c10-m6,c10-m6-s22,disabled,2,4.0630,heuristic
c10-m6,c10-m6-s22,disabled,3,3.3871,heuristic
c10-m6,c10-m6-s22,heuristic,1,4.6205,heuristic
c10-m6,c10-m6-s22,heuristic,2,5.5685,heuristic
c10-m6,c10-m6-s22,heuristic,3,5.3915,heuristic
c10-m6,c10-m6-s22,csp,1,1.6404,csp
c10-m6,c10-m6-s22,csp,2,1.6917,csp
c10-m6,c10-m6-s22,csp,3,1.9165,csp
c10-m6,c10-m6-s23,disabled,1,2.8456,heuristic
c10-m6,c10-m6-s23,disabled,2,4.0843,heuristic
c10-m6,c10-m6-s23,disabled,3,3.7353,heuristic
c10-m6,c10-m6-s23,heuristic,1,5.1582,heuristic
c10-m6,c10-m6-s23,heuristic,2,4.6293,heuristic
c10-m6,c10-m6-s23,heuristic,3,4.4971,heuristic
c10-m6,c10-m6-s23,csp,1,4.2257,csp
c10-m6,c10-m6-s23,csp,2,4.4057,csp
c10-m6,c10-m6-s23,csp,3,4.2691,csp
c10-m6,c10-m6-s24,disabled,1,4.3461,heuristic
c10-m6,c10-m6-s24,disabled,2,3.2668,heuristic
c10-m6,c10-m6-s24,disabled,3,3.3794,heuristic
c10-m6,c10-m6-s24,heuristic,1,7.5219,heuristic
c10-m6,c10-m6-s24,heuristic,2,11.1473,heuristic
c10-m6,c10-m6-s24,heuristic,3,8.1194,heuristic
c10-m6,c10-m6-s24,csp,1,3.8194,csp
c10-m6,c10-m6-s24,csp,2,3.8931,csp
c10-m6,c10-m6-s24,csp,3,5.3213,csp
c10-m6,c10-m6-s25,disabled,1,3.1548,heuristic
c10-m6,c10-m6-s25,disabled,2,5.2852,heuristic
c10-m6,c10-m6-s25,disabled,3,5.0412,heuristic
c10-m6,c10-m6-s25,heuristic,1,6.0427,heuristic
c10-m6,c10-m6-s25,heuristic,2,6.5248,heuristic
c10-m6,c10-m6-s25,heuristic,3,6.7220,heuristic
c10-m6,c10-m6-s25,csp,1,4.8954,csp
c10-m6,c10-m6-s25,csp,2,4.8915,csp
c10-m6,c10-m6-s25,csp,3,4.9521,csp
c20-m0,c20-m0-s1,disabled,1,0.0133,heuristic
c20-m0,c20-m0-s1,disabled,2,0.0123,heuristic
c20-m0,c20-m0-s1,disabled,3,0.0115,heuristic
c20-m0,c20-m0-s1,heuristic,1,0.9842,heuristic
c20-m0,c20-m0-s1,heuristic,2,1.0237,heuristic
c20-m0,c20-m0-s1,heuristic,3,0.8075,heuristic
c20-m0,c20-m0-s1,csp,1,210.9823,csp
c20-m0,c20-m0-s1,csp,2,144.4632,csp
c20-m0,c20-m0-s1,csp,3,129.1640,csp
c20-m0,c20-m0-s2,disabled,1,0.0134,heuristic
c20-m0,c20-m0-s2,disabled,2,0.0125,heuristic
c20-m0,c20-m0-s2,disabled,3,0.0196,heuristic
c20-m0,c20-m0-s2,heuristic,1,0.8889,heuristic
c20-m0,c20-m0-s2,heuristic,2,0.9829,heuristic
c20-m0,c20-m0-s2,heuristic,3,0.7140,heuristic
c20-m0,c20-m0-s2,csp,1,209.6897,csp
c20-m0,c20-m0-s2,csp,2,211.4882,csp
c20-m0,c20-m0-s2,csp,3,213.9823,csp
c20-m0,c20-m0-s3,disabled,1,0.0133,heuristic
c20-m0,c20-m0-s3,disabled,2,0.0119,heuristic
c20-m0,c20-m0-s3,disabled,3,0.0122,heuristic
c20-m0,c20-m0-s3,heuristic,1,2.0132,heuristic
c20-m0,c20-m0-s3,heuristic,2,1.9513,heuristic
c20-m0,c20-m0-s3,heuristic,3,1.3097,heuristic
c20-m0,c20-m0-s3,csp,1,106.2972,csp
c20-m0,c20-m0-s3,csp,2,95.6261,csp
c20-m0,c20-m0-s3,csp,3,90.1841,csp
c20-m0,c20-m0-s4,disabled,1,0.0115,heuristic
c20-m0,c20-m0-s4,disabled,2,0.0265,heuristic
c20-m0,c20-m0-s4,disabled,3,0.0107,heuristic
c20-m0,c20-m0-s4,heuristic,1,1.5662,heuristic
c20-m0,c20-m0-s4,heuristic,2,1.3127,heuristic
c20-m0,c20-m0-s4,heuristic,3,1.3811,heuristic
c20-m0,c20-m0-s4,csp,1,100.9356,csp
c20-m0,c20-m0-s4,csp,2,106.7732,csp
c20-m0,c20-m0-s4,csp,3,131.4092,csp
c20-m0,c20-m0-s5,disabled,1,0.0116,heuristic
c20-m0,c20-m0-s5,disabled,2,0.0104,heuristic
c20-m0,c20-m0-s5,disabled,3,0.0103,heuristic
c20-m0,c20-m0-s5,heuristic,1,1.0540,heuristic
c20-m0,c20-m0-s5,heuristic,2,1.1453,heuristic
c20-m0,c20-m0-s5,heuristic,3,0.9736,heuristic
c20-m0,c20-m0-s5,csp,1,220.8316,csp
c20-m0,c20-m0-s5,csp,2,234.0413,csp
c20-m0,c20-m0-s5,csp,3,210.4427,csp
c20-m0,c20-m0-s6,disabled,1,0.0129,heuristic
c20-m0,c20-m0-s6,disabled,2,0.0108,heuristic
c20-m0,c20-m0-s6,disabled,3,0.0119,heuristic
c20-m0,c20-m0-s6,heuristic,1,1.3207,heuristic
c20-m0,c20-m0-s6,heuristic,2,0.8508,heuristic
c20-m0,c20-m0-s6,heuristic,3,0.8701,heuristic
c20-m0,c20-m0-s6,csp,1,200.3799,csp
c20-m0,c20-m0-s6,csp,2,217.4286,csp
c20-m0,c20-m0-s6,csp,3,211.7019,csp
c20-m0,c20-m0-s7,disabled,1,0.0120,heuristic
c20-m0,c20-m0-s7,disabled,2,0.0107,heuristic
c20-m0,c20-m0-s7,disabled,3,0.0106,heuristic
c20-m0,c20-m0-s7,heuristic,1,0.8134,heuristic
c20-m0,c20-m0-s7,heuristic,2,1.0798,heuristic
c20-m0,c20-m0-s7,heuristic,3,1.3379,heuristic
c20-m0,c20-m0-s7,csp,1,57.1643,csp
c20-m0,c20-m0-s7,csp,2,53.6431,csp
c20-m0,c20-m0-s7,csp,3,53.9690,csp
c20-m0,c20-m0-s8,disabled,1,0.0118,heuristic
c20-m0,c20-m0-s8,disabled,2,0.0119,heuristic
c20-m0,c20-m0-s8,disabled,3,0.0111,heuristic
c20-m0,c20-m0-s8,heuristic,1,1.6229,heuristic
c20-m0,c20-m0-s8,heuristic,2,1.6003,heuristic
c20-m0,c20-m0-s8,heuristic,3,1.3244,heuristic
c20-m0,c20-m0-s8,csp,1,100.6156,csp
c20-m0,c20-m0-s8,csp,2,160.3649,csp
c20-m0,c20-m0-s8,csp,3,127.3793,csp
c20-m0,c20-m0-s9,disabled,1,0.0193,heuristic
c20-m0,c20-m0-s9,disabled,2,0.0189,heuristic
c20-m0,c20-m0-s9,disabled,3,0.0181,heuristic
c20-m0,c20-m0-s9,heuristic,1,0.9707,heuristic
c20-m0,c20-m0-s9,heuristic,2,0.9540,heuristic
c20-m0,c20-m0-s9,heuristic,3,1.3924,heuristic
c20-m0,c20-m0-s9,csp,1,243.8788,csp
c20-m0,c20-m0-s9,csp,2,222.5144,csp
c20-m0,c20-m0-s9,csp,3,226.8617,csp
c20-m0,c20-m0-s10,disabled,1,0.0118,heuristic
c20-m0,c20-m0-s10,disabled,2,0.0119,heuristic
c20-m0,c20-m0-s10,disabled,3,0.0117,heuristic
c20-m0,c20-m0-s10,heuristic,1,1.6093,heuristic
c20-m0,c20-m0-s10,heuristic,2,1.6555,heuristic
c20-m0,c20-m0-s10,heuristic,3,1.6616,heuristic
c20-m0,c20-m0-s10,csp,1,85.8362,csp
c20-m0,c20-m0-s10,csp,2,98.1243,csp
c20-m0,c20-m0-s10,csp,3,106.1762,csp
c20-m0,c20-m0-s11,disabled,1,0.0153,heuristic
c20-m0,c20-m0-s11,disabled,2,0.0150,heuristic
c20-m0,c20-m0-s11,disabled,3,0.0158,heuristic
c20-m0,c20-m0-s11,heuristic,1,1.5137,heuristic
c20-m0,c20-m0-s11,heuristic,2,1.4393,heuristic
c20-m0,c20-m0-s11,heuristic,3,1.2952,heuristic
c20-m0,c20-m0-s11,csp,1,119.3548,csp
c20-m0,c20-m0-s11,csp,2,117.7861,csp
c20-m0,c20-m0-s11,csp,3,126.3494,csp
c20-m0,c20-m0-s12,disabled,1,0.0189,heuristic
c20-m0,c20-m0-s12,disabled,2,0.0181,heuristic
c20-m0,c20-m0-s12,disabled,3,0.0164,heuristic
c20-m0,c20-m0-s12,heuristic,1,1.3778,heuristic
c20-m0,c20-m0-s12,heuristic,2,2.0187,heuristic
c20-m0,c20-m0-s12,heuristic,3,1.3554,heuristic
c20-m0,c20-m0-s12,csp,1,264.7100,csp
c20-m0,c20-m0-s12,csp,2,278.6403,csp
c20-m0,c20-m0-s12,csp,3,302.9772,csp
c20-m0,c20-m0-s13,disabled,1,0.0161,heuristic
c20-m0,c20-m0-s13,disabled,2,0.0174,heuristic
c20-m0,c20-m0-s13,disabled,3,0.0154,heuristic
c20-m0,c20-m0-s13,heuristic,1,1.5877,heuristic
c20-m0,c20-m0-s13,heuristic,2,1.6970,heuristic
c20-m0,c20-m0-s13,heuristic,3,1.5452,heuristic
c20-m0,c20-m0-s13,csp,1,32.1784,csp
c20-m0,c20-m0-s13,csp,2,38.5888,csp
c20-m0,c20-m0-s13,csp,3,43.5102,csp
c20-m0,c20-m0-s14,disabled,1,0.0120,heuristic
c20-m0,c20-m0-s14,disabled,2,0.0137,heuristic
c20-m0,c20-m0-s14,disabled,3,0.0117,heuristic
c20-m0,c20-m0-s14,heuristic,1,1.2617,heuristic
c20-m0,c20-m0-s14,heuristic,2,0.8617,heuristic
c20-m0,c20-m0-s14,heuristic,3,0.7428,heuristic
c20-m0,c20-m0-s14,csp,1,215.8212,csp
c20-m0,c20-m0-s14,csp,2,194.0520,csp
c20-m0,c20-m0-s14,csp,3,184.8735,csp
c20-m0,c20-m0-s15,disabled,1,0.0127,heuristic
c20-m0,c20-m0-s15,disabled,2,0.0110,heuristic
c20-m0,c20-m0-s15,disabled,3,0.0122,heuristic
c20-m0,c20-m0-s15,heuristic,1,1.0259,heuristic
c20-m0,c20-m0-s15,heuristic,2,1.1801,heuristic
c20-m0,c20-m0-s15,heuristic,3,1.4975,heuristic
c20-m0,c20-m0-s15,csp,1,43.2407,csp
c20-m0,c20-m0-s15,csp,2,38.1775,csp
c20-m0,c20-m0-s15,csp,3,38.8725,csp
c20-m0,c20-m0-s16,disabled,1,0.0114,heuristic
c20-m0,c20-m0-s16,disabled,2,0.0190,heuristic
c20-m0,c20-m0-s16,disabled,3,0.0269,heuristic
c20-m0,c20-m0-s16,heuristic,1,1.2761,heuristic
c20-m0,c20-m0-s16,heuristic,2,1.2415,heuristic
c20-m0,c20-m0-s16,heuristic,3,1.5194,heuristic
c20-m0,c20-m0-s16,csp,1,232.6624,csp
c20-m0,c20-m0-s16,csp,2,236.5310,csp
c20-m0,c20-m0-s16,csp,3,228.6717,csp
c20-m0,c20-m0-s17,disabled,1,0.0121,heuristic
c20-m0,c20-m0-s17,disabled,2,0.0290,heuristic
c20-m0,c20-m0-s17,disabled,3,0.0108,heuristic
c20-m0,c20-m0-s17,heuristic,1,0.6776,heuristic
c20-m0,c20-m0-s17,heuristic,2,0.6945,heuristic
c20-m0,c20-m0-s17,heuristic,3,1.1150,heuristic
c20-m0,c20-m0-s17,csp,1,77.1363,csp
c20-m0,c20-m0-s17,csp,2,67.7961,csp
c20-m0,c20-m0-s17,csp,3,65.2831,csp
c20-m0,c20-m0-s18,disabled,1,0.0116,heuristic
c20-m0,c20-m0-s18,disabled,2,0.0112,heuristic
c20-m0,c20-m0-s18,disabled,3,0.0109,heuristic
c20-m0,c20-m0-s18,heuristic,1,2.6556,heuristic
c20-m0,c20-m0-s18,heuristic,2,2.2820,heuristic
c20-m0,c20-m0-s18,heuristic,3,2.7069,heuristic
c20-m0,c20-m0-s18,csp,1,303.4711,csp
c20-m0,c20-m0-s18,csp,2,244.4785,csp
c20-m0,c20-m0-s18,csp,3,230.0307,csp
c20-m0,c20-m0-s19,disabled,1,0.0175,heuristic
c20-m0,c20-m0-s19,disabled,2,0.0182,heuristic
c20-m0,c20-m0-s19,disabled,3,0.0172,heuristic
c20-m0,c20-m0-s19,heuristic,1,1.2389,heuristic
c20-m0,c20-m0-s19,heuristic,2,1.1613,heuristic
c20-m0,c20-m0-s19,heuristic,3,1.4141,heuristic
c20-m0,c20-m0-s19,csp,1,37.1240,csp
c20-m0,c20-m0-s19,csp,2,25.7254,csp
c20-m0,c20-m0-s19,csp,3,31.2632,csp
c20-m0,c20-m0-s20,disabled,1,0.0117,heuristic
c20-m0,c20-m0-s20,disabled,2,0.0102,heuristic
c20-m0,c20-m0-s20,disabled,3,0.0102,heuristic
c20-m0,c20-m0-s20,heuristic,1,2.0629,heuristic
c20-m0,c20-m0-s20,heuristic,2,1.4287,heuristic
c20-m0,c20-m0-s20,heuristic,3,1.6073,heuristic
c20-m0,c20-m0-s20,csp,1,247.2794,csp
c20-m0,c20-m0-s20,csp,2,244.6799,csp
c20-m0,c20-m0-s20,csp,3,241.6819,csp
c20-m0,c20-m0-s21,disabled,1,0.0188,heuristic
c20-m0,c20-m0-s21,disabled,2,0.0175,heuristic
c20-m0,c20-m0-s21,disabled,3,0.0196,heuristic
c20-m0,c20-m0-s21,heuristic,1,2.2570,heuristic
c20-m0,c20-m0-s21,heuristic,2,2.6452,heuristic
c20-m0,c20-m0-s21,heuristic,3,2.3312,heuristic
c20-m0,c20-m0-s21,csp,1,161.9030,csp
c20-m0,c20-m0-s21,csp,2,154.5041,csp
c20-m0,c20-m0-s21,csp,3,153.2983,csp
c20-m0,c20-m0-s22,disabled,1,0.0124,heuristic
c20-m0,c20-m0-s22,disabled,2,0.0126,heuristic
c20-m0,c20-m0-s22,disabled,3,0.0108,heuristic
c20-m0,c20-m0-s22,heuristic,1,0.6147,heuristic
c20-m0,c20-m0-s22,heuristic,2,0.5722,heuristic
c20-m0,c20-m0-s22,heuristic,3,0.5610,heuristic
c20-m0,c20-m0-s22,csp,1,185.6932,csp
c20-m0,c20-m0-s22,csp,2,178.8942,csp
c20-m0,c20-m0-s22,csp,3,191.3911,csp
c20-m0,c20-m0-s23,disabled,1,0.0185,heuristic
c20-m0,c20-m0-s23,disabled,2,0.0191,heuristic
c20-m0,c20-m0-s23,disabled,3,0.0185,heuristic
c20-m0,c20-m0-s23,heuristic,1,1.7117,heuristic
c20-m0,c20-m0-s23,heuristic,2,1.7398,heuristic
c20-m0,c20-m0-s23,heuristic,3,1.4652,heuristic
c20-m0,c20-m0-s23,csp,1,271.0873,csp
c20-m0,c20-m0-s23,csp,2,264.6535,csp
c20-m0,c20-m0-s23,csp,3,247.4407,csp
c20-m0,c20-m0-s24,disabled,1,0.0116,heuristic
c20-m0,c20-m0-s24,disabled,2,0.0112,heuristic
c20-m0,c20-m0-s24,disabled,3,0.0112,heuristic
c20-m0,c20-m0-s24,heuristic,1,1.4144,heuristic
c20-m0,c20-m0-s24,heuristic,2,1.7344,heuristic
c20-m0,c20-m0-s24,heuristic,3,1.5633,heuristic
c20-m0,c20-m0-s24,csp,1,121.5246,csp
c20-m0,c20-m0-s24,csp,2,139.1528,csp
c20-m0,c20-m0-s24,csp,3,120.2383,csp
c20-m0,c20-m0-s25,disabled,1,0.0192,heuristic
c20-m0,c20-m0-s25,disabled,2,0.0178,heuristic
c20-m0,c20-m0-s25,disabled,3,0.0165,heuristic
c20-m0,c20-m0-s25,heuristic,1,2.5675,heuristic
c20-m0,c20-m0-s25,heuristic,2,2.5855,heuristic
c20-m0,c20-m0-s25,heuristic,3,3.1193,heuristic
c20-m0,c20-m0-s25,csp,1,189.1628,csp
c20-m0,c20-m0-s25,csp,2,157.0750,csp
c20-m0,c20-m0-s25,csp,3,157.0780,csp
c20-m1,c20-m1-s1,disabled,1,0.0116,heuristic
c20-m1,c20-m1-s1,disabled,2,0.0109,heuristic
c20-m1,c20-m1-s1,disabled,3,0.0103,heuristic
c20-m1,c20-m1-s1,heuristic,1,1.0302,heuristic
c20-m1,c20-m1-s1,heuristic,2,0.6910,heuristic
c20-m1,c20-m1-s1,heuristic,3,0.7897,heuristic
c20-m1,c20-m1-s1,csp,1,167.8872,csp
c20-m1,c20-m1-s1,csp,2,146.3643,csp
c20-m1,c20-m1-s1,csp,3,158.6647,csp
c20-m1,c20-m1-s2,disabled,1,0.0181,heuristic
c20-m1,c20-m1-s2,disabled,2,0.0184,heuristic
c20-m1,c20-m1-s2,disabled,3,0.0184,heuristic
c20-m1,c20-m1-s2,heuristic,1,1.0164,heuristic
c20-m1,c20-m1-s2,heuristic,2,1.0444,heuristic
c20-m1,c20-m1-s2,heuristic,3,0.9585,heuristic
c20-m1,c20-m1-s2,csp,1,204.5546,csp
c20-m1,c20-m1-s2,csp,2,182.1686,csp
c20-m1,c20-m1-s2,csp,3,180.2261,csp
c20-m1,c20-m1-s3,disabled,1,0.0107,heuristic
c20-m1,c20-m1-s3,disabled,2,0.0107,heuristic
c20-m1,c20-m1-s3,disabled,3,0.0107,heuristic
c20-m1,c20-m1-s3,heuristic,1,1.0781,heuristic
c20-m1,c20-m1-s3,heuristic,2,1.1681,heuristic
c20-m1,c20-m1-s3,heuristic,3,1.0260,heuristic
c20-m1,c20-m1-s3,csp,1,155.7233,csp
c20-m1,c20-m1-s3,csp,2,143.4742,csp
c20-m1,c20-m1-s3,csp,3,146.5198,csp
c20-m1,c20-m1-s4,disabled,1,0.0110,heuristic
c20-m1,c20-m1-s4,disabled,2,0.0113,heuristic
c20-m1,c20-m1-s4,disabled,3,0.0104,heuristic
c20-m1,c20-m1-s4,heuristic,1,1.5018,heuristic
c20-m1,c20-m1-s4,heuristic,2,1.2356,heuristic
c20-m1,c20-m1-s4,heuristic,3,1.3179,heuristic
c20-m1,c20-m1-s4,csp,1,89.1600,csp
c20-m1,c20-m1-s4,csp,2,96.3823,csp
c20-m1,c20-m1-s4,csp,3,93.2507,csp
c20-m1,c20-m1-s5,disabled,1,0.0120,heuristic
c20-m1,c20-m1-s5,disabled,2,0.0100,heuristic
c20-m1,c20-m1-s5,disabled,3,0.0102,heuristic
c20-m1,c20-m1-s5,heuristic,1,0.9014,heuristic
c20-m1,c20-m1-s5,heuristic,2,0.8834,heuristic
c20-m1,c20-m1-s5,heuristic,3,0.9868,heuristic
c20-m1,c20-m1-s5,csp,1,199.4616,csp
c20-m1,c20-m1-s5,csp,2,205.4761,csp
c20-m1,c20-m1-s5,csp,3,234.2576,csp
c20-m1,c20-m1-s6,disabled,1,0.0117,heuristic
c20-m1,c20-m1-s6,disabled,2,0.0112,heuristic
c20-m1,c20-m1-s6,disabled,3,0.0104,heuristic
c20-m1,c20-m1-s6,heuristic,1,0.8449,heuristic
c20-m1,c20-m1-s6,heuristic,2,1.1316,heuristic
c20-m1,c20-m1-s6,heuristic,3,0.7506,heuristic
c20-m1,c20-m1-s6,csp,1,248.9052,csp
c20-m1,c20-m1-s6,csp,2,234.6793,csp
c20-m1,c20-m1-s6,csp,3,254.9098,csp
c20-m1,c20-m1-s7,disabled,1,0.0208,heuristic
c20-m1,c20-m1-s7,disabled,2,0.0204,heuristic
c20-m1,c20-m1-s7,disabled,3,0.0202,heuristic
c20-m1,c20-m1-s7,heuristic,1,0.7154,heuristic
c20-m1,c20-m1-s7,heuristic,2,0.8610,heuristic
c20-m1,c20-m1-s7,heuristic,3,1.0430,heuristic
c20-m1,c20-m1-s7,csp,1,58.2887,csp
c20-m1,c20-m1-s7,csp,2,62.8991,csp
c20-m1,c20-m1-s7,csp,3,59.5877,csp
c20-m1,c20-m1-s8,disabled,1,0.0215,heuristic
c20-m1,c20-m1-s8,disabled,2,0.0175,heuristic
c20-m1,c20-m1-s8,disabled,3,0.0165,heuristic
c20-m1,c20-m1-s8,heuristic,1,1.8998,heuristic
c20-m1,c20-m1-s8,heuristic,2,2.0192,heuristic
c20-m1,c20-m1-s8,heuristic,3,1.6742,heuristic
c20-m1,c20-m1-s8,csp,1,108.5006,csp
c20-m1,c20-m1-s8,csp,2,112.1243,csp
c20-m1,c20-m1-s8,csp,3,114.0449,csp
c20-m1,c20-m1-s9,disabled,1,0.0108,heuristic
c20-m1,c20-m1-s9,disabled,2,0.0111,heuristic
c20-m1,c20-m1-s9,disabled,3,0.0097,heuristic
c20-m1,c20-m1-s9,heuristic,1,0.5546,heuristic
c20-m1,c20-m1-s9,heuristic,2,0.5421,heuristic
c20-m1,c20-m1-s9,heuristic,3,0.5346,heuristic
c20-m1,c20-m1-s9,csp,1,188.8565,csp
c20-m1,c20-m1-s9,csp,2,201.3752,csp
c20-m1,c20-m1-s9,csp,3,183.6173,csp
c20-m1,c20-m1-s10,disabled,1,0.0116,heuristic
c20-m1,c20-m1-s10,disabled,2,0.0113,heuristic
c20-m1,c20-m1-s10,disabled,3,0.0106,heuristic
c20-m1,c20-m1-s10,heuristic,1,1.6499,heuristic
c20-m1,c20-m1-s10,heuristic,2,1.4711,heuristic
c20-m1,c20-m1-s10,heuristic,3,1.5486,heuristic
c20-m1,c20-m1-s10,csp,1,60.3856,csp
c20-m1,c20-m1-s10,csp,2,73.7080,csp
c20-m1,c20-m1-s10,csp,3,67.5996,csp
c20-m1,c20-m1-s11,disabled,1,0.0104,heuristic
c20-m1,c20-m1-s11,disabled,2,0.0102,heuristic
c20-m1,c20-m1-s11,disabled,3,0.0096,heuristic
c20-m1,c20-m1-s11,heuristic,1,0.7957,heuristic
c20-m1,c20-m1-s11,heuristic,2,0.6932,heuristic
c20-m1,c20-m1-s11,heuristic,3,1.0614,heuristic
c20-m1,c20-m1-s11,csp,1,84.4735,csp
c20-m1,c20-m1-s11,csp,2,86.9599,csp
c20-m1,c20-m1-s11,csp,3,87.3362,csp
c20-m1,c20-m1-s12,disabled,1,0.0109,heuristic
c20-m1,c20-m1-s12,disabled,2,0.0103,heuristic
c20-m1,c20-m1-s12,disabled,3,0.0100,heuristic
c20-m1,c20-m1-s12,heuristic,1,1.1444,heuristic
c20-m1,c20-m1-s12,heuristic,2,0.7659,heuristic
c20-m1,c20-m1-s12,heuristic,3,0.7086,heuristic
c20-m1,c20-m1-s12,csp,1,179.6282,csp
c20-m1,c20-m1-s12,csp,2,181.6905,csp
c20-m1,c20-m1-s12,csp,3,203.6369,csp
c20-m1,c20-m1-s13,disabled,1,0.0140,heuristic
c20-m1,c20-m1-s13,disabled,2,0.0168,heuristic
c20-m1,c20-m1-s13,disabled,3,0.0118,heuristic
c20-m1,c20-m1-s13,heuristic,1,1.4918,heuristic
c20-m1,c20-m1-s13,heuristic,2,1.6566,heuristic
c20-m1,c20-m1-s13,heuristic,3,1.7606,heuristic
c20-m1,c20-m1-s13,csp,1,33.8634,csp
c20-m1,c20-m1-s13,csp,2,34.3726,csp
c20-m1,c20-m1-s13,csp,3,40.6675,csp
c20-m1,c20-m1-s14,disabled,1,0.0187,heuristic
c20-m1,c20-m1-s14,disabled,2,0.0172,heuristic
c20-m1,c20-m1-s14,disabled,3,0.0177,heuristic
c20-m1,c20-m1-s14,heuristic,1,1.1039,heuristic
c20-m1,c20-m1-s14,heuristic,2,1.0570,heuristic
c20-m1,c20-m1-s14,heuristic,3,1.3029,heuristic
c20-m1,c20-m1-s14,csp,1,135.5198,csp
c20-m1,c20-m1-s14,csp,2,148.2206,csp
c20-m1,c20-m1-s14,csp,3,131.9921,csp
c20-m1,c20-m1-s15,disabled,1,0.0115,heuristic
c20-m1,c20-m1-s15,disabled,2,0.0103,heuristic
c20-m1,c20-m1-s15,disabled,3,0.0109,heuristic
c20-m1,c20-m1-s15,heuristic,1,0.9361,heuristic
c20-m1,c20-m1-s15,heuristic,2,1.2475,heuristic
c20-m1,c20-m1-s15,heuristic,3,0.8284,heuristic
c20-m1,c20-m1-s15,csp,1,29.3735,csp
c20-m1,c20-m1-s15,csp,2,29.0266,csp
c20-m1,c20-m1-s15,csp,3,29.9474,csp
c20-m1,c20-m1-s16,disabled,1,0.0122,heuristic
c20-m1,c20-m1-s16,disabled,2,0.0103,heuristic
c20-m1,c20-m1-s16,disabled,3,0.0110,heuristic
c20-m1,c20-m1-s16,heuristic,1,0.7418,heuristic
c20-m1,c20-m1-s16,heuristic,2,0.7047,heuristic
c20-m1,c20-m1-s16,heuristic,3,0.6697,heuristic
c20-m1,c20-m1-s16,csp,1,179.7177,csp
c20-m1,c20-m1-s16,csp,2,199.7699,csp
c20-m1,c20-m1-s16,csp,3,225.5326,csp
c20-m1,c20-m1-s17,disabled,1,0.0118,heuristic
c20-m1,c20-m1-s17,disabled,2,0.0118,heuristic
c20-m1,c20-m1-s17,disabled,3,0.0107,heuristic
c20-m1,c20-m1-s17,heuristic,1,1.2349,heuristic
c20-m1,c20-m1-s17,heuristic,2,0.6702,heuristic
c20-m1,c20-m1-s17,heuristic,3,0.6851,heuristic
c20-m1,c20-m1-s17,csp,1,54.5206,csp
c20-m1,c20-m1-s17,csp,2,54.5624,csp
c20-m1,c20-m1-s17,csp,3,57.1915,csp
c20-m1,c20-m1-s18,disabled,1,0.0112,heuristic
c20-m1,c20-m1-s18,disabled,2,0.0110,heuristic
c20-m1,c20-m1-s18,disabled,3,0.0100,heuristic
c20-m1,c20-m1-s18,heuristic,1,1.6864,heuristic
c20-m1,c20-m1-s18,heuristic,2,1.6009,heuristic
c20-m1,c20-m1-s18,heuristic,3,1.7676,heuristic
c20-m1,c20-m1-s18,csp,1,177.2220,csp
c20-m1,c20-m1-s18,csp,2,176.2228,csp
c20-m1,c20-m1-s18,csp,3,171.3585,csp
c20-m1,c20-m1-s19,disabled,1,0.0113,heuristic
c20-m1,c20-m1-s19,disabled,2,0.0106,heuristic
c20-m1,c20-m1-s19,disabled,3,0.0103,heuristic
c20-m1,c20-m1-s19,heuristic,1,0.6613,heuristic
c20-m1,c20-m1-s19,heuristic,2,0.6329,heuristic
c20-m1,c20-m1-s19,heuristic,3,0.6392,heuristic
c20-m1,c20-m1-s19,csp,1,17.9393,csp
c20-m1,c20-m1-s19,csp,2,17.4696,csp
c20-m1,c20-m1-s19,csp,3,17.8202,csp
c20-m1,c20-m1-s20,disabled,1,0.0101,heuristic
c20-m1,c20-m1-s20,disabled,2,0.0095,heuristic
c20-m1,c20-m1-s20,disabled,3,0.0092,heuristic
c20-m1,c20-m1-s20,heuristic,1,1.3753,heuristic
c20-m1,c20-m1-s20,heuristic,2,1.4172,heuristic
c20-m1,c20-m1-s20,heuristic,3,1.2818,heuristic
c20-m1,c20-m1-s20,csp,1,181.5940,csp
c20-m1,c20-m1-s20,csp,2,174.9353,csp
c20-m1,c20-m1-s20,csp,3,185.4758,csp
c20-m1,c20-m1-s21,disabled,1,0.0251,heuristic
c20-m1,c20-m1-s21,disabled,2,0.0233,heuristic
c20-m1,c20-m1-s21,disabled,3,0.0192,heuristic
c20-m1,c20-m1-s21,heuristic,1,2.4046,heuristic
c20-m1,c20-m1-s21,heuristic,2,1.4073,heuristic
c20-m1,c20-m1-s21,heuristic,3,1.4884,heuristic
c20-m1,c20-m1-s21,csp,1,169.7221,csp
c20-m1,c20-m1-s21,csp,2,175.1414,csp
c20-m1,c20-m1-s21,csp,3,173.7947,csp
c20-m1,c20-m1-s22,disabled,1,0.0108,heuristic
c20-m1,c20-m1-s22,disabled,2,0.0095,heuristic
c20-m1,c20-m1-s22,disabled,3,0.0098,heuristic
c20-m1,c20-m1-s22,heuristic,1,0.5064,heuristic
c20-m1,c20-m1-s22,heuristic,2,0.4983,heuristic
c20-m1,c20-m1-s22,heuristic,3,0.6194,heuristic
c20-m1,c20-m1-s22,csp,1,124.3044,csp
c20-m1,c20-m1-s22,csp,2,121.9116,csp
c20-m1,c20-m1-s22,csp,3,123.4837,csp
c20-m1,c20-m1-s23,disabled,1,0.0110,heuristic
c20-m1,c20-m1-s23,disabled,2,0.0108,heuristic
c20-m1,c20-m1-s23,disabled,3,0.0102,heuristic
c20-m1,c20-m1-s23,heuristic,1,1.2194,heuristic
c20-m1,c20-m1-s23,heuristic,2,1.0834,heuristic
c20-m1,c20-m1-s23,heuristic,3,1.1348,heuristic
c20-m1,c20-m1-s23,csp,1,183.1503,csp
c20-m1,c20-m1-s23,csp,2,192.1032,csp
c20-m1,c20-m1-s23,csp,3,201.9785,csp
c20-m1,c20-m1-s24,disabled,1,0.0121,heuristic
c20-m1,c20-m1-s24,disabled,2,0.0109,heuristic
c20-m1,c20-m1-s24,disabled,3,0.0108,heuristic
c20-m1,c20-m1-s24,heuristic,1,1.4206,heuristic
c20-m1,c20-m1-s24,heuristic,2,1.2957,heuristic
c20-m1,c20-m1-s24,heuristic,3,1.3734,heuristic
c20-m1,c20-m1-s24,csp,1,118.8352,csp
c20-m1,c20-m1-s24,csp,2,137.0572,csp
c20-m1,c20-m1-s24,csp,3,138.9248,csp
c20-m1,c20-m1-s25,disabled,1,0.0122,heuristic
c20-m1,c20-m1-s25,disabled,2,0.0107,heuristic
c20-m1,c20-m1-s25,disabled,3,0.0107,heuristic
c20-m1,c20-m1-s25,heuristic,1,2.5182,heuristic
c20-m1,c20-m1-s25,heuristic,2,2.3611,heuristic
c20-m1,c20-m1-s25,heuristic,3,1.8337,heuristic
c20-m1,c20-m1-s25,csp,1,182.4495,csp
c20-m1,c20-m1-s25,csp,2,180.0651,csp
c20-m1,c20-m1-s25,csp,3,206.4673,csp
c20-m3,c20-m3-s1,disabled,1,0.0663,heuristic
c20-m3,c20-m3-s1,disabled,2,0.0600,heuristic
c20-m3,c20-m3-s1,disabled,3,0.0770,heuristic
c20-m3,c20-m3-s1,heuristic,1,2.1810,heuristic
c20-m3,c20-m3-s1,heuristic,2,1.7907,heuristic
c20-m3,c20-m3-s1,heuristic,3,1.6939,heuristic
c20-m3,c20-m3-s1,csp,1,131.7763,csp
c20-m3,c20-m3-s1,csp,2,129.4923,csp
c20-m3,c20-m3-s1,csp,3,135.5831,csp
c20-m3,c20-m3-s2,disabled,1,0.0375,heuristic
c20-m3,c20-m3-s2,disabled,2,0.0371,heuristic
c20-m3,c20-m3-s2,disabled,3,0.0360,heuristic
c20-m3,c20-m3-s2,heuristic,1,3.1227,heuristic
c20-m3,c20-m3-s2,heuristic,2,2.9988,heuristic
c20-m3,c20-m3-s2,heuristic,3,2.8155,heuristic
c20-m3,c20-m3-s2,csp,1,178.4425,csp
c20-m3,c20-m3-s2,csp,2,181.5482,csp
c20-m3,c20-m3-s2,csp,3,186.9581,csp
c20-m3,c20-m3-s3,disabled,1,0.0363,heuristic
c20-m3,c20-m3-s3,disabled,2,0.0358,heuristic
c20-m3,c20-m3-s3,disabled,3,0.0364,heuristic
c20-m3,c20-m3-s3,heuristic,1,2.3755,heuristic
c20-m3,c20-m3-s3,heuristic,2,2.3465,heuristic
c20-m3,c20-m3-s3,heuristic,3,2.2825,heuristic
c20-m3,c20-m3-s3,csp,1,124.9437,csp
c20-m3,c20-m3-s3,csp,2,124.2683,csp
c20-m3,c20-m3-s3,csp,3,127.8558,csp
c20-m3,c20-m3-s4,disabled,1,0.0366,heuristic
c20-m3,c20-m3-s4,disabled,2,0.0341,heuristic
c20-m3,c20-m3-s4,disabled,3,0.0348,heuristic
c20-m3,c20-m3-s4,heuristic,1,4.6444,heuristic
c20-m3,c20-m3-s4,heuristic,2,4.8849,heuristic
c20-m3,c20-m3-s4,heuristic,3,5.0549,heuristic
c20-m3,c20-m3-s4,csp,1,76.5209,csp
c20-m3,c20-m3-s4,csp,2,77.0365,csp
c20-m3,c20-m3-s4,csp,3,74.1545,csp
c20-m3,c20-m3-s5,disabled,1,0.0336,heuristic
c20-m3,c20-m3-s5,disabled,2,0.0336,heuristic
c20-m3,c20-m3-s5,disabled,3,0.0319,heuristic
c20-m3,c20-m3-s5,heuristic,1,1.9944,heuristic
c20-m3,c20-m3-s5,heuristic,2,2.0356,heuristic
c20-m3,c20-m3-s5,heuristic,3,2.0416,heuristic
c20-m3,c20-m3-s5,csp,1,101.1215,csp
c20-m3,c20-m3-s5,csp,2,101.0990,csp
c20-m3,c20-m3-s5,csp,3,99.4816,csp
c20-m3,c20-m3-s6,disabled,1,0.0389,heuristic
c20-m3,c20-m3-s6,disabled,2,0.0375,heuristic
c20-m3,c20-m3-s6,disabled,3,0.0384,heuristic
c20-m3,c20-m3-s6,heuristic,1,2.0799,heuristic
c20-m3,c20-m3-s6,heuristic,2,1.9356,heuristic
c20-m3,c20-m3-s6,heuristic,3,2.4472,heuristic
c20-m3,c20-m3-s6,csp,1,175.1680,csp
c20-m3,c20-m3-s6,csp,2,173.5920,csp
c20-m3,c20-m3-s6,csp,3,177.0021,csp
c20-m3,c20-m3-s7,disabled,1,0.0372,heuristic
c20-m3,c20-m3-s7,disabled,2,0.0370,heuristic
c20-m3,c20-m3-s7,disabled,3,0.0369,heuristic
c20-m3,c20-m3-s7,heuristic,1,2.7302,heuristic
c20-m3,c20-m3-s7,heuristic,2,2.6032,heuristic
c20-m3,c20-m3-s7,heuristic,3,2.6160,heuristic
c20-m3,c20-m3-s7,csp,1,42.7976,csp
c20-m3,c20-m3-s7,csp,2,48.1404,csp
c20-m3,c20-m3-s7,csp,3,44.1869,csp
c20-m3,c20-m3-s8,disabled,1,0.0340,heuristic
c20-m3,c20-m3-s8,disabled,2,0.0343,heuristic
c20-m3,c20-m3-s8,disabled,3,0.0337,heuristic
c20-m3,c20-m3-s8,heuristic,1,2.6230,heuristic
c20-m3,c20-m3-s8,heuristic,2,2.6612,heuristic
c20-m3,c20-m3-s8,heuristic,3,2.7902,heuristic
c20-m3,c20-m3-s8,csp,1,87.5043,csp
c20-m3,c20-m3-s8,csp,2,91.1695,csp
c20-m3,c20-m3-s8,csp,3,81.6782,csp
c20-m3,c20-m3-s9,disabled,1,0.0365,heuristic
c20-m3,c20-m3-s9,disabled,2,0.0444,heuristic
c20-m3,c20-m3-s9,disabled,3,0.0364,heuristic
c20-m3,c20-m3-s9,heuristic,1,2.6425,heuristic
c20-m3,c20-m3-s9,heuristic,2,2.8766,heuristic
c20-m3,c20-m3-s9,heuristic,3,2.8001,heuristic
c20-m3,c20-m3-s9,csp,1,168.2470,csp
c20-m3,c20-m3-s9,csp,2,148.7311,csp
c20-m3,c20-m3-s9,csp,3,148.5250,csp
c20-m3,c20-m3-s10,disabled,1,0.0364,heuristic
c20-m3,c20-m3-s10,disabled,2,0.1343,heuristic
c20-m3,c20-m3-s10,disabled,3,0.0359,heuristic
c20-m3,c20-m3-s10,heuristic,1,3.5040,heuristic
c20-m3,c20-m3-s10,heuristic,2,3.9292,heuristic
c20-m3,c20-m3-s10,heuristic,3,4.5881,heuristic
c20-m3,c20-m3-s10,csp,1,52.7849,csp
c20-m3,c20-m3-s10,csp,2,60.6885,csp
c20-m3,c20-m3-s10,csp,3,56.9885,csp
c20-m3,c20-m3-s11,disabled,1,0.0457,heuristic
c20-m3,c20-m3-s11,disabled,2,0.0607,heuristic
c20-m3,c20-m3-s11,disabled,3,0.0368,heuristic
c20-m3,c20-m3-s11,heuristic,1,3.0817,heuristic
c20-m3,c20-m3-s11,heuristic,2,4.2844,heuristic
c20-m3,c20-m3-s11,heuristic,3,3.1747,heuristic
c20-m3,c20-m3-s11,csp,1,95.3048,csp
c20-m3,c20-m3-s11,csp,2,89.2349,csp
c20-m3,c20-m3-s11,csp,3,90.1036,csp
c20-m3,c20-m3-s12,disabled,1,0.0405,heuristic
c20-m3,c20-m3-s12,disabled,2,0.0395,heuristic
c20-m3,c20-m3-s12,disabled,3,0.0376,heuristic
c20-m3,c20-m3-s12,heuristic,1,2.4268,heuristic
c20-m3,c20-m3-s12,heuristic,2,2.8203,heuristic
c20-m3,c20-m3-s12,heuristic,3,2.6664,heuristic
c20-m3,c20-m3-s12,csp,1,241.8978,csp
c20-m3,c20-m3-s12,csp,2,200.5616,csp
c20-m3,c20-m3-s12,csp,3,234.1210,csp
c20-m3,c20-m3-s13,disabled,1,0.0657,heuristic
c20-m3,c20-m3-s13,disabled,2,0.0658,heuristic
c20-m3,c20-m3-s13,disabled,3,0.0659,heuristic
c20-m3,c20-m3-s13,heuristic,1,7.4136,heuristic
c20-m3,c20-m3-s13,heuristic,2,4.5648,heuristic
c20-m3,c20-m3-s13,heuristic,3,4.4065,heuristic
c20-m3,c20-m3-s13,csp,1,63.3527,csp
c20-m3,c20-m3-s13,csp,2,82.4955,csp
c20-m3,c20-m3-s13,csp,3,70.3053,csp
c20-m3,c20-m3-s14,disabled,1,0.0415,heuristic
c20-m3,c20-m3-s14,disabled,2,0.0403,heuristic
c20-m3,c20-m3-s14,disabled,3,0.0413,heuristic
c20-m3,c20-m3-s14,heuristic,1,3.1400,heuristic
c20-m3,c20-m3-s14,heuristic,2,2.2451,heuristic
c20-m3,c20-m3-s14,heuristic,3,2.9032,heuristic
c20-m3,c20-m3-s14,csp,1,114.8089,csp
c20-m3,c20-m3-s14,csp,2,119.9608,csp
c20-m3,c20-m3-s14,csp,3,114.2189,csp
c20-m3,c20-m3-s15,disabled,1,0.0748,heuristic
c20-m3,c20-m3-s15,disabled,2,0.0771,heuristic
c20-m3,c20-m3-s15,disabled,3,0.0741,heuristic
c20-m3,c20-m3-s15,heuristic,1,5.3966,heuristic
c20-m3,c20-m3-s15,heuristic,2,6.3172,heuristic
c20-m3,c20-m3-s15,heuristic,3,6.3269,heuristic
c20-m3,c20-m3-s15,csp,1,46.4790,csp
c20-m3,c20-m3-s15,csp,2,46.9808,csp
c20-m3,c20-m3-s15,csp,3,51.8347,csp
c20-m3,c20-m3-s16,disabled,1,0.0781,heuristic
c20-m3,c20-m3-s16,disabled,2,0.0749,heuristic
c20-m3,c20-m3-s16,disabled,3,0.0993,heuristic
c20-m3,c20-m3-s16,heuristic,1,4.6359,heuristic
c20-m3,c20-m3-s16,heuristic,2,4.7734,heuristic
c20-m3,c20-m3-s16,heuristic,3,5.1993,heuristic
c20-m3,c20-m3-s16,csp,1,276.2513,csp
c20-m3,c20-m3-s16,csp,2,291.8911,csp
c20-m3,c20-m3-s16,csp,3,284.5082,csp
c20-m3,c20-m3-s17,disabled,1,0.0693,heuristic
c20-m3,c20-m3-s17,disabled,2,0.0636,heuristic
c20-m3,c20-m3-s17,disabled,3,0.0607,heuristic
c20-m3,c20-m3-s17,heuristic,1,4.6874,heuristic
c20-m3,c20-m3-s17,heuristic,2,4.2880,heuristic
c20-m3,c20-m3-s17,heuristic,3,5.5869,heuristic
c20-m3,c20-m3-s17,csp,1,94.6473,csp
c20-m3,c20-m3-s17,csp,2,84.5864,csp
c20-m3,c20-m3-s17,csp,3,82.9900,csp
c20-m3,c20-m3-s18,disabled,1,0.0732,heuristic
c20-m3,c20-m3-s18,disabled,2,0.0741,heuristic
c20-m3,c20-m3-s18,disabled,3,0.0739,heuristic
c20-m3,c20-m3-s18,heuristic,1,8.0396,heuristic
c20-m3,c20-m3-s18,heuristic,2,7.2933,heuristic
c20-m3,c20-m3-s18,heuristic,3,7.4972,heuristic
c20-m3,c20-m3-s18,csp,1,274.5811,csp
c20-m3,c20-m3-s18,csp,2,272.4011,csp
c20-m3,c20-m3-s18,csp,3,252.8056,csp
c20-m3,c20-m3-s19,disabled,1,0.0690,heuristic
c20-m3,c20-m3-s19,disabled,2,0.0683,heuristic
c20-m3,c20-m3-s19,disabled,3,0.0669,heuristic
c20-m3,c20-m3-s19,heuristic,1,4.1005,heuristic
c20-m3,c20-m3-s19,heuristic,2,3.8330,heuristic
c20-m3,c20-m3-s19,heuristic,3,3.2087,heuristic
c20-m3,c20-m3-s19,csp,1,23.3761,csp
c20-m3,c20-m3-s19,csp,2,21.1203,csp
c20-m3,c20-m3-s19,csp,3,24.6268,csp
c20-m3,c20-m3-s20,disabled,1,0.0725,heuristic
c20-m3,c20-m3-s20,disabled,2,0.0746,heuristic
c20-m3,c20-m3-s20,disabled,3,0.0727,heuristic
c20-m3,c20-m3-s20,heuristic,1,9.1221,heuristic
c20-m3,c20-m3-s20,heuristic,2,8.9086,heuristic
c20-m3,c20-m3-s20,heuristic,3,8.8752,heuristic
c20-m3,c20-m3-s20,csp,1,290.6946,csp
c20-m3,c20-m3-s20,csp,2,278.0910,csp
c20-m3,c20-m3-s20,csp,3,299.5299,csp
c20-m3,c20-m3-s21,disabled,1,0.0733,heuristic
c20-m3,c20-m3-s21,disabled,2,0.0706,heuristic
c20-m3,c20-m3-s21,disabled,3,0.0721,heuristic
c20-m3,c20-m3-s21,heuristic,1,6.1327,heuristic
c20-m3,c20-m3-s21,heuristic,2,4.9919,heuristic
c20-m3,c20-m3-s21,heuristic,3,4.6695,heuristic
c20-m3,c20-m3-s21,csp,1,176.3073,csp
c20-m3,c20-m3-s21,csp,2,203.2334,csp
c20-m3,c20-m3-s21,csp,3,204.1068,csp
c20-m3,c20-m3-s22,disabled,1,0.0390,heuristic
c20-m3,c20-m3-s22,disabled,2,0.0378,heuristic
c20-m3,c20-m3-s22,disabled,3,0.0377,heuristic
c20-m3,c20-m3-s22,heuristic,1,2.1025,heuristic
c20-m3,c20-m3-s22,heuristic,2,2.0401,heuristic
c20-m3,c20-m3-s22,heuristic,3,1.9854,heuristic
c20-m3,c20-m3-s22,csp,1,178.8830,csp
c20-m3,c20-m3-s22,csp,2,177.0959,csp
c20-m3,c20-m3-s22,csp,3,175.1784,csp
c20-m3,c20-m3-s23,disabled,1,0.0574,heuristic
c20-m3,c20-m3-s23,disabled,2,0.0582,heuristic
c20-m3,c20-m3-s23,disabled,3,0.0768,heuristic
c20-m3,c20-m3-s23,heuristic,1,2.9371,heuristic
c20-m3,c20-m3-s23,heuristic,2,3.0463,heuristic
c20-m3,c20-m3-s23,heuristic,3,2.7628,heuristic
c20-m3,c20-m3-s23,csp,1,235.8571,csp
c20-m3,c20-m3-s23,csp,2,247.9693,csp
c20-m3,c20-m3-s23,csp,3,264.3968,csp
c20-m3,c20-m3-s24,disabled,1,0.0631,heuristic
c20-m3,c20-m3-s24,disabled,2,0.0626,heuristic
c20-m3,c20-m3-s24,disabled,3,0.0604,heuristic
c20-m3,c20-m3-s24,heuristic,1,3.3404,heuristic
c20-m3,c20-m3-s24,heuristic,2,3.2292,heuristic
c20-m3,c20-m3-s24,heuristic,3,4.5074,heuristic
c20-m3,c20-m3-s24,csp,1,140.5932,csp
c20-m3,c20-m3-s24,csp,2,126.5623,csp
c20-m3,c20-m3-s24,csp,3,135.0655,csp
c20-m3,c20-m3-s25,disabled,1,0.0408,heuristic
c20-m3,c20-m3-s25,disabled,2,0.0403,heuristic
c20-m3,c20-m3-s25,disabled,3,0.0486,heuristic
c20-m3,c20-m3-s25,heuristic,1,7.7638,heuristic
c20-m3,c20-m3-s25,heuristic,2,5.9360,heuristic
c20-m3,c20-m3-s25,heuristic,3,7.3084,heuristic
c20-m3,c20-m3-s25,csp,1,162.9880,csp
c20-m3,c20-m3-s25,csp,2,169.4966,csp
c20-m3,c20-m3-s25,csp,3,167.3321,csp
c20-m6,c20-m6-s1,disabled,1,12.5397,heuristic
c20-m6,c20-m6-s1,disabled,2,10.9575,heuristic
c20-m6,c20-m6-s1,disabled,3,6.9635,heuristic
c20-m6,c20-m6-s1,heuristic,1,15.4812,heuristic
c20-m6,c20-m6-s1,heuristic,2,13.2182,heuristic
c20-m6,c20-m6-s1,heuristic,3,10.7309,heuristic
c20-m6,c20-m6-s1,csp,1,279.4644,csp
c20-m6,c20-m6-s1,csp,2,264.3770,csp
c20-m6,c20-m6-s1,csp,3,316.7959,csp
c20-m6,c20-m6-s2,disabled,1,9.5392,heuristic
c20-m6,c20-m6-s2,disabled,2,8.7517,heuristic
c20-m6,c20-m6-s2,disabled,3,7.5855,heuristic
c20-m6,c20-m6-s2,heuristic,1,14.4047,heuristic
c20-m6,c20-m6-s2,heuristic,2,14.2808,heuristic
c20-m6,c20-m6-s2,heuristic,3,13.9749,heuristic
c20-m6,c20-m6-s2,csp,1,327.9974,csp
c20-m6,c20-m6-s2,csp,2,293.3476,csp
c20-m6,c20-m6-s2,csp,3,363.9405,csp
c20-m6,c20-m6-s3,disabled,1,6.0349,heuristic
c20-m6,c20-m6-s3,disabled,2,5.6356,heuristic
c20-m6,c20-m6-s3,disabled,3,5.6806,heuristic
c20-m6,c20-m6-s3,heuristic,1,9.4092,heuristic
c20-m6,c20-m6-s3,heuristic,2,9.2078,heuristic
c20-m6,c20-m6-s3,heuristic,3,9.3698,heuristic
c20-m6,c20-m6-s3,csp,1,104.4926,csp
c20-m6,c20-m6-s3,csp,2,116.3158,csp
c20-m6,c20-m6-s3,csp,3,124.9211,csp
c20-m6,c20-m6-s4,disabled,1,4.9922,heuristic
c20-m6,c20-m6-s4,disabled,2,5.9646,heuristic
c20-m6,c20-m6-s4,disabled,3,6.0387,heuristic
c20-m6,c20-m6-s4,heuristic,1,9.8565,heuristic
c20-m6,c20-m6-s4,heuristic,2,10.5539,heuristic
c20-m6,c20-m6-s4,heuristic,3,10.1940,heuristic
c20-m6,c20-m6-s4,csp,1,171.5934,csp
c20-m6,c20-m6-s4,csp,2,172.2462,csp
c20-m6,c20-m6-s4,csp,3,172.3296,csp
c20-m6,c20-m6-s5,disabled,1,5.9215,heuristic
c20-m6,c20-m6-s5,disabled,2,10.0062,heuristic
c20-m6,c20-m6-s5,disabled,3,5.4783,heuristic
c20-m6,c20-m6-s5,heuristic,1,7.9816,heuristic
c20-m6,c20-m6-s5,heuristic,2,7.5360,heuristic
c20-m6,c20-m6-s5,heuristic,3,8.0873,heuristic
c20-m6,c20-m6-s5,csp,1,200.3889,csp
c20-m6,c20-m6-s5,csp,2,196.5097,csp
c20-m6,c20-m6-s5,csp,3,187.1268,csp
c20-m6,c20-m6-s6,disabled,1,5.7799,heuristic
c20-m6,c20-m6-s6,disabled,2,6.2433,heuristic
c20-m6,c20-m6-s6,disabled,3,5.4198,heuristic
c20-m6,c20-m6-s6,heuristic,1,8.0130,heuristic
c20-m6,c20-m6-s6,heuristic,2,8.0569,heuristic
c20-m6,c20-m6-s6,heuristic,3,8.2879,heuristic
c20-m6,c20-m6-s6,csp,1,287.8231,csp
c20-m6,c20-m6-s6,csp,2,280.9773,csp
c20-m6,c20-m6-s6,csp,3,278.6314,csp
c20-m6,c20-m6-s7,disabled,1,5.7355,heuristic
c20-m6,c20-m6-s7,disabled,2,5.1444,heuristic
c20-m6,c20-m6-s7,disabled,3,5.0860,heuristic
c20-m6,c20-m6-s7,heuristic,1,7.4921,heuristic
c20-m6,c20-m6-s7,heuristic,2,7.6380,heuristic
c20-m6,c20-m6-s7,heuristic,3,8.2087,heuristic
c20-m6,c20-m6-s7,csp,1,77.9476,csp
c20-m6,c20-m6-s7,csp,2,76.4068,csp
c20-m6,c20-m6-s7,csp,3,77.2412,csp
c20-m6,c20-m6-s8,disabled,1,5.5495,heuristic
c20-m6,c20-m6-s8,disabled,2,5.1679,heuristic
c20-m6,c20-m6-s8,disabled,3,5.3765,heuristic
c20-m6,c20-m6-s8,heuristic,1,8.5146,heuristic
c20-m6,c20-m6-s8,heuristic,2,8.1683,heuristic
c20-m6,c20-m6-s8,heuristic,3,8.7760,heuristic
c20-m6,c20-m6-s8,csp,1,32.1444,csp
c20-m6,c20-m6-s8,csp,2,32.2027,csp
c20-m6,c20-m6-s8,csp,3,32.6477,csp
c20-m6,c20-m6-s9,disabled,1,4.8697,heuristic
c20-m6,c20-m6-s9,disabled,2,5.5768,heuristic
c20-m6,c20-m6-s9,disabled,3,5.7152,heuristic
c20-m6,c20-m6-s9,heuristic,1,7.9644,heuristic
c20-m6,c20-m6-s9,heuristic,2,8.0508,heuristic
c20-m6,c20-m6-s9,heuristic,3,8.0908,heuristic
c20-m6,c20-m6-s9,csp,1,316.3976,csp
c20-m6,c20-m6-s9,csp,2,297.6548,csp
c20-m6,c20-m6-s9,csp,3,292.7707,csp
c20-m6,c20-m6-s10,disabled,1,6.3964,heuristic
c20-m6,c20-m6-s10,disabled,2,5.7464,heuristic
c20-m6,c20-m6-s10,disabled,3,5.3639,heuristic
c20-m6,c20-m6-s10,heuristic,1,10.3261,heuristic
c20-m6,c20-m6-s10,heuristic,2,10.7353,heuristic
c20-m6,c20-m6-s10,heuristic,3,10.8003,heuristic
c20-m6,c20-m6-s10,csp,1,151.2722,csp
c20-m6,c20-m6-s10,csp,2,159.6779,csp
c20-m6,c20-m6-s10,csp,3,187.6894,csp
c20-m6,c20-m6-s11,disabled,1,15.8727,heuristic
c20-m6,c20-m6-s11,disabled,2,12.7755,heuristic
c20-m6,c20-m6-s11,disabled,3,9.6831,heuristic
c20-m6,c20-m6-s11,heuristic,1,10.4089,heuristic
c20-m6,c20-m6-s11,heuristic,2,11.8824,heuristic
c20-m6,c20-m6-s11,heuristic,3,12.0432,heuristic
c20-m6,c20-m6-s11,csp,1,165.2733,csp
c20-m6,c20-m6-s11,csp,2,168.4344,csp
c20-m6,c20-m6-s11,csp,3,200.6456,csp
c20-m6,c20-m6-s12,disabled,1,5.2319,heuristic
c20-m6,c20-m6-s12,disabled,2,5.6462,heuristic
c20-m6,c20-m6-s12,disabled,3,5.6095,heuristic
c20-m6,c20-m6-s12,heuristic,1,8.6347,heuristic
c20-m6,c20-m6-s12,heuristic,2,8.8806,heuristic
c20-m6,c20-m6-s12,heuristic,3,8.4569,heuristic
c20-m6,c20-m6-s12,csp,1,339.3060,csp
c20-m6,c20-m6-s12,csp,2,366.7149,csp
c20-m6,c20-m6-s12,csp,3,361.3363,csp
c20-m6,c20-m6-s13,disabled,1,5.2689,heuristic
c20-m6,c20-m6-s13,disabled,2,8.8837,heuristic
c20-m6,c20-m6-s13,disabled,3,5.6127,heuristic
c20-m6,c20-m6-s13,heuristic,1,15.0358,heuristic
c20-m6,c20-m6-s13,heuristic,2,8.1966,heuristic
c20-m6,c20-m6-s13,heuristic,3,12.2256,heuristic
c20-m6,c20-m6-s13,csp,1,38.6073,csp
c20-m6,c20-m6-s13,csp,2,32.3381,csp
c20-m6,c20-m6-s13,csp,3,39.4197,csp
c20-m6,c20-m6-s14,disabled,1,8.8287,heuristic
c20-m6,c20-m6-s14,disabled,2,6.7293,heuristic
c20-m6,c20-m6-s14,disabled,3,8.6378,heuristic
c20-m6,c20-m6-s14,heuristic,1,9.6392,heuristic
c20-m6,c20-m6-s14,heuristic,2,8.6168,heuristic
c20-m6,c20-m6-s14,heuristic,3,10.3659,heuristic
c20-m6,c20-m6-s14,csp,1,99.5131,csp
c20-m6,c20-m6-s14,csp,2,91.8621,csp
c20-m6,c20-m6-s14,csp,3,93.9950,csp
c20-m6,c20-m6-s15,disabled,1,7.4615,heuristic
c20-m6,c20-m6-s15,disabled,2,6.2134,heuristic
c20-m6,c20-m6-s15,disabled,3,10.6966,heuristic
c20-m6,c20-m6-s15,heuristic,1,11.9049,heuristic
c20-m6,c20-m6-s15,heuristic,2,10.4660,heuristic
c20-m6,c20-m6-s15,heuristic,3,9.9655,heuristic
c20-m6,c20-m6-s15,csp,1,218.5105,csp
c20-m6,c20-m6-s15,csp,2,186.3028,csp
c20-m6,c20-m6-s15,csp,3,180.5909,csp
c20-m6,c20-m6-s16,disabled,1,8.6221,heuristic
c20-m6,c20-m6-s16,disabled,2,5.9457,heuristic
c20-m6,c20-m6-s16,disabled,3,5.7540,heuristic
c20-m6,c20-m6-s16,heuristic,1,13.2720,heuristic
c20-m6,c20-m6-s16,heuristic,2,13.5670,heuristic
c20-m6,c20-m6-s16,heuristic,3,10.5714,heuristic
c20-m6,c20-m6-s16,csp,1,417.6885,csp
c20-m6,c20-m6-s16,csp,2,426.7224,csp
c20-m6,c20-m6-s16,csp,3,403.9003,csp
c20-m6,c20-m6-s17,disabled,1,8.3346,heuristic
c20-m6,c20-m6-s17,disabled,2,7.7646,heuristic
c20-m6,c20-m6-s17,disabled,3,8.3358,heuristic
c20-m6,c20-m6-s17,heuristic,1,12.1637,heuristic
c20-m6,c20-m6-s17,heuristic,2,13.0670,heuristic
c20-m6,c20-m6-s17,heuristic,3,15.4233,heuristic
c20-m6,c20-m6-s17,csp,1,70.2022,csp
c20-m6,c20-m6-s17,csp,2,73.7717,csp
c20-m6,c20-m6-s17,csp,3,70.4385,csp
c20-m6,c20-m6-s18,disabled,1,8.3043,heuristic
c20-m6,c20-m6-s18,disabled,2,8.1202,heuristic
c20-m6,c20-m6-s18,disabled,3,11.8808,heuristic
c20-m6,c20-m6-s18,heuristic,1,13.4590,heuristic
c20-m6,c20-m6-s18,heuristic,2,14.3570,heuristic
c20-m6,c20-m6-s18,heuristic,3,11.2383,heuristic
c20-m6,c20-m6-s18,csp,1,371.1606,csp
c20-m6,c20-m6-s18,csp,2,350.6979,csp
c20-m6,c20-m6-s18,csp,3,345.4610,csp
c20-m6,c20-m6-s19,disabled,1,8.2430,heuristic
c20-m6,c20-m6-s19,disabled,2,7.7118,heuristic
c20-m6,c20-m6-s19,disabled,3,7.8154,heuristic
c20-m6,c20-m6-s19,heuristic,1,12.6247,heuristic
c20-m6,c20-m6-s19,heuristic,2,10.8630,heuristic
c20-m6,c20-m6-s19,heuristic,3,10.1298,heuristic
c20-m6,c20-m6-s19,csp,1,85.4903,csp
c20-m6,c20-m6-s19,csp,2,80.6699,csp
c20-m6,c20-m6-s19,csp,3,85.6843,csp
c20-m6,c20-m6-s20,disabled,1,7.2520,heuristic
c20-m6,c20-m6-s20,disabled,2,7.7125,heuristic
c20-m6,c20-m6-s20,disabled,3,8.0567,heuristic
c20-m6,c20-m6-s20,heuristic,1,11.3322,heuristic
c20-m6,c20-m6-s20,heuristic,2,10.9991,heuristic
c20-m6,c20-m6-s20,heuristic,3,13.4212,heuristic
c20-m6,c20-m6-s20,csp,1,440.1792,csp
c20-m6,c20-m6-s20,csp,2,443.5834,csp
c20-m6,c20-m6-s20,csp,3,427.4473,csp
c20-m6,c20-m6-s21,disabled,1,7.0089,heuristic
c20-m6,c20-m6-s21,disabled,2,8.6074,heuristic
c20-m6,c20-m6-s21,disabled,3,7.7617,heuristic
c20-m6,c20-m6-s21,heuristic,1,17.6716,heuristic
c20-m6,c20-m6-s21,heuristic,2,12.2996,heuristic
c20-m6,c20-m6-s21,heuristic,3,15.6138,heuristic
c20-m6,c20-m6-s21,csp,1,414.2130,csp
c20-m6,c20-m6-s21,csp,2,413.7190,csp
c20-m6,c20-m6-s21,csp,3,385.1298,csp
c20-m6,c20-m6-s22,disabled,1,7.7562,heuristic
c20-m6,c20-m6-s22,disabled,2,7.6708,heuristic
c20-m6,c20-m6-s22,disabled,3,7.2354,heuristic
c20-m6,c20-m6-s22,heuristic,1,11.8365,heuristic
c20-m6,c20-m6-s22,heuristic,2,12.7314,heuristic
c20-m6,c20-m6-s22,heuristic,3,11.1048,heuristic
c20-m6,c20-m6-s22,csp,1,273.7756,csp
c20-m6,c20-m6-s22,csp,2,286.2288,csp
c20-m6,c20-m6-s22,csp,3,285.3590,csp
c20-m6,c20-m6-s23,disabled,1,7.4404,heuristic
c20-m6,c20-m6-s23,disabled,2,8.2448,heuristic
c20-m6,c20-m6-s23,disabled,3,8.5000,heuristic
c20-m6,c20-m6-s23,heuristic,1,11.5601,heuristic
c20-m6,c20-m6-s23,heuristic,2,27.6744,heuristic
c20-m6,c20-m6-s23,heuristic,3,13.7250,heuristic
c20-m6,c20-m6-s23,csp,1,326.1266,csp
c20-m6,c20-m6-s23,csp,2,310.6222,csp
c20-m6,c20-m6-s23,csp,3,319.7297,csp
c20-m6,c20-m6-s24,disabled,1,8.7344,heuristic
c20-m6,c20-m6-s24,disabled,2,8.8346,heuristic
c20-m6,c20-m6-s24,disabled,3,8.7632,heuristic
c20-m6,c20-m6-s24,heuristic,1,12.6268,heuristic
c20-m6,c20-m6-s24,heuristic,2,10.7077,heuristic
c20-m6,c20-m6-s24,heuristic,3,12.8905,heuristic
c20-m6,c20-m6-s24,csp,1,158.6773,csp
c20-m6,c20-m6-s24,csp,2,166.5094,csp
c20-m6,c20-m6-s24,csp,3,169.0146,csp
c20-m6,c20-m6-s25,disabled,1,7.0708,heuristic
c20-m6,c20-m6-s25,disabled,2,7.5380,heuristic
c20-m6,c20-m6-s25,disabled,3,8.2698,heuristic
c20-m6,c20-m6-s25,heuristic,1,14.4491,heuristic
c20-m6,c20-m6-s25,heuristic,2,12.9205,heuristic
c20-m6,c20-m6-s25,heuristic,3,15.0941,heuristic
c20-m6,c20-m6-s25,csp,1,224.4217,csp
c20-m6,c20-m6-s25,csp,2,221.7243,csp
c20-m6,c20-m6-s25,csp,3,221.7393,csp
c40-m0,c40-m0-s1,disabled,1,0.0312,heuristic
c40-m0,c40-m0-s1,disabled,2,0.0314,heuristic
c40-m0,c40-m0-s1,disabled,3,0.0297,heuristic
c40-m0,c40-m0-s1,heuristic,1,3.7727,heuristic
c40-m0,c40-m0-s1,heuristic,2,4.7866,heuristic
c40-m0,c40-m0-s1,heuristic,3,3.8690,heuristic
c40-m0,c40-m0-s1,csp,1,250.4115,csp
c40-m0,c40-m0-s1,csp,2,256.1096,csp
c40-m0,c40-m0-s1,csp,3,259.6239,csp
c40-m0,c40-m0-s2,disabled,1,0.0322,heuristic
c40-m0,c40-m0-s2,disabled,2,0.0285,heuristic
c40-m0,c40-m0-s2,disabled,3,0.0250,heuristic
c40-m0,c40-m0-s2,heuristic,1,2.7757,heuristic
c40-m0,c40-m0-s2,heuristic,2,2.2376,heuristic
c40-m0,c40-m0-s2,heuristic,3,2.3541,heuristic
c40-m0,c40-m0-s2,csp,1,123.0855,csp
c40-m0,c40-m0-s2,csp,2,128.6237,csp
c40-m0,c40-m0-s2,csp,3,118.3756,csp
c40-m0,c40-m0-s3,disabled,1,0.0325,heuristic
c40-m0,c40-m0-s3,disabled,2,0.0324,heuristic
c40-m0,c40-m0-s3,disabled,3,0.0305,heuristic
c40-m0,c40-m0-s3,heuristic,1,2.8325,heuristic
c40-m0,c40-m0-s3,heuristic,2,2.5990,heuristic
c40-m0,c40-m0-s3,heuristic,3,2.7382,heuristic
c40-m0,c40-m0-s3,csp,1,208.6031,csp
c40-m0,c40-m0-s3,csp,2,194.8076,csp
c40-m0,c40-m0-s3,csp,3,205.3421,csp
c40-m0,c40-m0-s4,disabled,1,0.0188,heuristic
c40-m0,c40-m0-s4,disabled,2,0.0183,heuristic
c40-m0,c40-m0-s4,disabled,3,0.0177,heuristic
c40-m0,c40-m0-s4,heuristic,1,2.9126,heuristic
c40-m0,c40-m0-s4,heuristic,2,2.8540,heuristic
c40-m0,c40-m0-s4,heuristic,3,2.1530,heuristic
c40-m0,c40-m0-s4,csp,1,296.9036,csp
c40-m0,c40-m0-s4,csp,2,290.0222,csp
c40-m0,c40-m0-s4,csp,3,273.7327,csp
c40-m0,c40-m0-s5,disabled,1,0.0190,heuristic
c40-m0,c40-m0-s5,disabled,2,0.0183,heuristic
c40-m0,c40-m0-s5,disabled,3,0.0223,heuristic
c40-m0,c40-m0-s5,heuristic,1,3.4291,heuristic
c40-m0,c40-m0-s5,heuristic,2,4.9633,heuristic
c40-m0,c40-m0-s5,heuristic,3,4.7856,heuristic
c40-m0,c40-m0-s5,csp,1,207.9306,csp
c40-m0,c40-m0-s5,csp,2,190.0123,csp
c40-m0,c40-m0-s5,csp,3,198.1264,csp
c40-m0,c40-m0-s6,disabled,1,0.0337,heuristic
c40-m0,c40-m0-s6,disabled,2,0.0309,heuristic
c40-m0,c40-m0-s6,disabled,3,0.0308,heuristic
c40-m0,c40-m0-s6,heuristic,1,4.3556,heuristic
c40-m0,c40-m0-s6,heuristic,2,4.2310,heuristic
c40-m0,c40-m0-s6,heuristic,3,4.3625,heuristic
c40-m0,c40-m0-s6,csp,1,265.0651,csp
c40-m0,c40-m0-s6,csp,2,267.2974,csp
c40-m0,c40-m0-s6,csp,3,257.6362,csp
c40-m0,c40-m0-s7,disabled,1,0.0439,heuristic
c40-m0,c40-m0-s7,disabled,2,0.0304,heuristic
c40-m0,c40-m0-s7,disabled,3,0.0283,heuristic
c40-m0,c40-m0-s7,heuristic,1,2.5235,heuristic
c40-m0,c40-m0-s7,heuristic,2,2.8507,heuristic
c40-m0,c40-m0-s7,heuristic,3,3.3473,heuristic
c40-m0,c40-m0-s7,csp,1,269.9688,csp
c40-m0,c40-m0-s7,csp,2,272.4957,csp
c40-m0,c40-m0-s7,csp,3,266.3109,csp
c40-m0,c40-m0-s8,disabled,1,0.0361,heuristic
c40-m0,c40-m0-s8,disabled,2,0.0209,heuristic
c40-m0,c40-m0-s8,disabled,3,0.0278,heuristic
c40-m0,c40-m0-s8,heuristic,1,3.7627,heuristic
c40-m0,c40-m0-s8,heuristic,2,3.3693,heuristic
c40-m0,c40-m0-s8,heuristic,3,3.4684,heuristic
c40-m0,c40-m0-s8,csp,1,286.3339,csp
c40-m0,c40-m0-s8,csp,2,306.1238,csp
c40-m0,c40-m0-s8,csp,3,287.5842,csp
c40-m0,c40-m0-s9,disabled,1,0.0205,heuristic
c40-m0,c40-m0-s9,disabled,2,0.0240,heuristic
c40-m0,c40-m0-s9,disabled,3,0.0278,heuristic
c40-m0,c40-m0-s9,heuristic,1,2.8044,heuristic
c40-m0,c40-m0-s9,heuristic,2,2.1084,heuristic
c40-m0,c40-m0-s9,heuristic,3,2.5544,heuristic
c40-m0,c40-m0-s9,csp,1,309.8394,csp
c40-m0,c40-m0-s9,csp,2,305.4728,csp
c40-m0,c40-m0-s9,csp,3,297.3932,csp
c40-m0,c40-m0-s10,disabled,1,0.0330,heuristic
c40-m0,c40-m0-s10,disabled,2,0.0299,heuristic
c40-m0,c40-m0-s10,disabled,3,0.0311,heuristic
c40-m0,c40-m0-s10,heuristic,1,3.1729,heuristic
c40-m0,c40-m0-s10,heuristic,2,1.9283,heuristic
c40-m0,c40-m0-s10,heuristic,3,2.3457,heuristic
c40-m0,c40-m0-s10,csp,1,139.8114,csp
c40-m0,c40-m0-s10,csp,2,143.5999,csp
c40-m0,c40-m0-s10,csp,3,145.3822,csp
c40-m0,c40-m0-s11,disabled,1,0.0332,heuristic
c40-m0,c40-m0-s11,disabled,2,0.0307,heuristic
c40-m0,c40-m0-s11,disabled,3,0.0308,heuristic
c40-m0,c40-m0-s11,heuristic,1,2.0984,heuristic
c40-m0,c40-m0-s11,heuristic,2,1.5615,heuristic
c40-m0,c40-m0-s11,heuristic,3,1.6162,heuristic
c40-m0,c40-m0-s11,csp,1,126.3806,csp
c40-m0,c40-m0-s11,csp,2,115.6733,csp
c40-m0,c40-m0-s11,csp,3,122.3686,csp
c40-m0,c40-m0-s12,disabled,1,0.0191,heuristic
c40-m0,c40-m0-s12,disabled,2,0.0186,heuristic
c40-m0,c40-m0-s12,disabled,3,0.0179,heuristic
c40-m0,c40-m0-s12,heuristic,1,2.6949,heuristic
c40-m0,c40-m0-s12,heuristic,2,2.9466,heuristic
c40-m0,c40-m0-s12,heuristic,3,3.0418,heuristic
c40-m0,c40-m0-s12,csp,1,214.8048,csp
c40-m0,c40-m0-s12,csp,2,195.6958,csp
c40-m0,c40-m0-s12,csp,3,204.4224,csp
c40-m0,c40-m0-s13,disabled,1,0.0355,heuristic
c40-m0,c40-m0-s13,disabled,2,0.0329,heuristic
c40-m0,c40-m0-s13,disabled,3,0.0288,heuristic
c40-m0,c40-m0-s13,heuristic,1,2.9956,heuristic
c40-m0,c40-m0-s13,heuristic,2,2.6884,heuristic
c40-m0,c40-m0-s13,heuristic,3,2.0582,heuristic
c40-m0,c40-m0-s13,csp,1,87.1031,csp
c40-m0,c40-m0-s13,csp,2,88.4652,csp
c40-m0,c40-m0-s13,csp,3,84.2512,csp
c40-m0,c40-m0-s14,disabled,1,0.0210,heuristic
c40-m0,c40-m0-s14,disabled,2,0.0282,heuristic
c40-m0,c40-m0-s14,disabled,3,0.0394,heuristic
c40-m0,c40-m0-s14,heuristic,1,2.2516,heuristic
c40-m0,c40-m0-s14,heuristic,2,2.3492,heuristic
c40-m0,c40-m0-s14,heuristic,3,2.6856,heuristic
c40-m0,c40-m0-s14,csp,1,321.7029,csp
c40-m0,c40-m0-s14,csp,2,305.6776,csp
c40-m0,c40-m0-s14,csp,3,298.3377,csp
c40-m0,c40-m0-s15,disabled,1,0.0333,heuristic
c40-m0,c40-m0-s15,disabled,2,0.0316,heuristic
c40-m0,c40-m0-s15,disabled,3,0.0314,heuristic
c40-m0,c40-m0-s15,heuristic,1,2.2483,heuristic
c40-m0,c40-m0-s15,heuristic,2,2.6768,heuristic
c40-m0,c40-m0-s15,heuristic,3,2.8031,heuristic
c40-m0,c40-m0-s15,csp,1,39.2755,csp
c40-m0,c40-m0-s15,csp,2,38.4576,csp
c40-m0,c40-m0-s15,csp,3,41.8611,csp
c40-m0,c40-m0-s16,disabled,1,0.0237,heuristic
c40-m0,c40-m0-s16,disabled,2,0.0235,heuristic
c40-m0,c40-m0-s16,disabled,3,0.0233,heuristic
c40-m0,c40-m0-s16,heuristic,1,1.8711,heuristic
c40-m0,c40-m0-s16,heuristic,2,2.3115,heuristic
c40-m0,c40-m0-s16,heuristic,3,2.0801,heuristic
c40-m0,c40-m0-s16,csp,1,230.8456,csp
c40-m0,c40-m0-s16,csp,2,226.6062,csp
c40-m0,c40-m0-s16,csp,3,217.9933,csp
c40-m0,c40-m0-s17,disabled,1,0.0318,heuristic
c40-m0,c40-m0-s17,disabled,2,0.0304,heuristic
c40-m0,c40-m0-s17,disabled,3,0.0343,heuristic
c40-m0,c40-m0-s17,heuristic,1,2.0127,heuristic
c40-m0,c40-m0-s17,heuristic,2,2.0807,heuristic
c40-m0,c40-m0-s17,heuristic,3,2.0756,heuristic
c40-m0,c40-m0-s17,csp,1,250.9969,csp
c40-m0,c40-m0-s17,csp,2,254.6054,csp
c40-m0,c40-m0-s17,csp,3,277.8613,csp
c40-m0,c40-m0-s18,disabled,1,0.0333,heuristic
c40-m0,c40-m0-s18,disabled,2,0.0322,heuristic
c40-m0,c40-m0-s18,disabled,3,0.0319,heuristic
c40-m0,c40-m0-s18,heuristic,1,4.1148,heuristic
c40-m0,c40-m0-s18,heuristic,2,4.8614,heuristic
c40-m0,c40-m0-s18,heuristic,3,4.9129,heuristic
c40-m0,c40-m0-s18,csp,1,99.0703,csp
c40-m0,c40-m0-s18,csp,2,105.4146,csp
c40-m0,c40-m0-s18,csp,3,107.3096,csp
c40-m0,c40-m0-s19,disabled,1,0.0333,heuristic
c40-m0,c40-m0-s19,disabled,2,0.0341,heuristic
c40-m0,c40-m0-s19,disabled,3,0.0324,heuristic
c40-m0,c40-m0-s19,heuristic,1,4.7349,heuristic
c40-m0,c40-m0-s19,heuristic,2,3.5620,heuristic
c40-m0,c40-m0-s19,heuristic,3,4.2266,heuristic
c40-m0,c40-m0-s19,csp,1,144.6091,csp
c40-m0,c40-m0-s19,csp,2,140.7704,csp
c40-m0,c40-m0-s19,csp,3,149.6935,csp
c40-m0,c40-m0-s20,disabled,1,0.0317,heuristic
c40-m0,c40-m0-s20,disabled,2,0.0299,heuristic
c40-m0,c40-m0-s20,disabled,3,0.0297,heuristic
c40-m0,c40-m0-s20,heuristic,1,4.4235,heuristic
c40-m0,c40-m0-s20,heuristic,2,4.3318,heuristic
c40-m0,c40-m0-s20,heuristic,3,3.5824,heuristic
c40-m0,c40-m0-s20,csp,1,97.3546,csp
c40-m0,c40-m0-s20,csp,2,99.0681,csp
c40-m0,c40-m0-s20,csp,3,99.0715,csp
c40-m0,c40-m0-s21,disabled,1,0.0336,heuristic
c40-m0,c40-m0-s21,disabled,2,0.0310,heuristic
c40-m0,c40-m0-s21,disabled,3,0.0320,heuristic
c40-m0,c40-m0-s21,heuristic,1,3.8053,heuristic
c40-m0,c40-m0-s21,heuristic,2,3.2791,heuristic
c40-m0,c40-m0-s21,heuristic,3,2.6609,heuristic
c40-m0,c40-m0-s21,csp,1,130.4063,csp
c40-m0,c40-m0-s21,csp,2,133.5312,csp
c40-m0,c40-m0-s21,csp,3,138.3006,csp
c40-m0,c40-m0-s22,disabled,1,0.0336,heuristic
c40-m0,c40-m0-s22,disabled,2,0.0316,heuristic
c40-m0,c40-m0-s22,disabled,3,0.0321,heuristic
c40-m0,c40-m0-s22,heuristic,1,4.2925,heuristic
c40-m0,c40-m0-s22,heuristic,2,4.3011,heuristic
c40-m0,c40-m0-s22,heuristic,3,4.0367,heuristic
c40-m0,c40-m0-s22,csp,1,30.1850,csp
c40-m0,c40-m0-s22,csp,2,30.2661,csp
c40-m0,c40-m0-s22,csp,3,27.4453,csp
c40-m0,c40-m0-s23,disabled,1,0.0311,heuristic
c40-m0,c40-m0-s23,disabled,2,0.0289,heuristic
c40-m0,c40-m0-s23,disabled,3,0.0294,heuristic
c40-m0,c40-m0-s23,heuristic,1,4.0377,heuristic
c40-m0,c40-m0-s23,heuristic,2,4.0958,heuristic
c40-m0,c40-m0-s23,heuristic,3,4.1261,heuristic
c40-m0,c40-m0-s23,csp,1,314.6306,csp
c40-m0,c40-m0-s23,csp,2,285.4028,csp
c40-m0,c40-m0-s23,csp,3,287.0481,csp
c40-m0,c40-m0-s24,disabled,1,0.0345,heuristic
c40-m0,c40-m0-s24,disabled,2,0.0331,heuristic
c40-m0,c40-m0-s24,disabled,3,0.0313,heuristic
c40-m0,c40-m0-s24,heuristic,1,2.1044,heuristic
c40-m0,c40-m0-s24,heuristic,2,2.4868,heuristic
c40-m0,c40-m0-s24,heuristic,3,2.3742,heuristic
c40-m0,c40-m0-s24,csp,1,96.7405,csp
c40-m0,c40-m0-s24,csp,2,87.4797,csp
c40-m0,c40-m0-s24,csp,3,88.6691,csp
c40-m0,c40-m0-s25,disabled,1,0.0315,heuristic
c40-m0,c40-m0-s25,disabled,2,0.0293,heuristic
c40-m0,c40-m0-s25,disabled,3,0.0297,heuristic
c40-m0,c40-m0-s25,heuristic,1,2.7913,heuristic
c40-m0,c40-m0-s25,heuristic,2,2.0192,heuristic
c40-m0,c40-m0-s25,heuristic,3,2.2468,heuristic
c40-m0,c40-m0-s25,csp,1,50.0594,csp
c40-m0,c40-m0-s25,csp,2,48.9508,csp
c40-m0,c40-m0-s25,csp,3,64.9588,csp
c40-m1,c40-m1-s1,disabled,1,0.0305,heuristic
c40-m1,c40-m1-s1,disabled,2,0.0305,heuristic
c40-m1,c40-m1-s1,disabled,3,0.0284,heuristic
c40-m1,c40-m1-s1,heuristic,1,4.3341,heuristic
c40-m1,c40-m1-s1,heuristic,2,4.5185,heuristic
c40-m1,c40-m1-s1,heuristic,3,4.6326,heuristic
c40-m1,c40-m1-s1,csp,1,309.5623,csp
c40-m1,c40-m1-s1,csp,2,299.7103,csp
c40-m1,c40-m1-s1,csp,3,305.4236,csp
c40-m1,c40-m1-s2,disabled,1,0.0191,heuristic
c40-m1,c40-m1-s2,disabled,2,0.0178,heuristic
c40-m1,c40-m1-s2,disabled,3,0.0179,heuristic
c40-m1,c40-m1-s2,heuristic,1,2.5765,heuristic
c40-m1,c40-m1-s2,heuristic,2,2.2683,heuristic
c40-m1,c40-m1-s2,heuristic,3,2.5083,heuristic
c40-m1,c40-m1-s2,csp,1,104.9249,csp
c40-m1,c40-m1-s2,csp,2,118.6941,csp
c40-m1,c40-m1-s2,csp,3,109.5287,csp
c40-m1,c40-m1-s3,disabled,1,0.0322,heuristic
c40-m1,c40-m1-s3,disabled,2,0.0308,heuristic
c40-m1,c40-m1-s3,disabled,3,0.0290,heuristic
c40-m1,c40-m1-s3,heuristic,1,2.9097,heuristic
c40-m1,c40-m1-s3,heuristic,2,2.4924,heuristic
c40-m1,c40-m1-s3,heuristic,3,2.9203,heuristic
c40-m1,c40-m1-s3,csp,1,291.1489,csp
c40-m1,c40-m1-s3,csp,2,291.8218,csp
c40-m1,c40-m1-s3,csp,3,288.5351,csp
c40-m1,c40-m1-s4,disabled,1,0.0346,heuristic
c40-m1,c40-m1-s4,disabled,2,0.0329,heuristic
c40-m1,c40-m1-s4,disabled,3,0.0326,heuristic
c40-m1,c40-m1-s4,heuristic,1,2.3255,heuristic
c40-m1,c40-m1-s4,heuristic,2,2.2739,heuristic
c40-m1,c40-m1-s4,heuristic,3,2.7053,heuristic
c40-m1,c40-m1-s4,csp,1,305.7502,csp
c40-m1,c40-m1-s4,csp,2,298.9860,csp
c40-m1,c40-m1-s4,csp,3,291.4111,csp
c40-m1,c40-m1-s5,disabled,1,0.0333,heuristic
c40-m1,c40-m1-s5,disabled,2,0.0312,heuristic
c40-m1,c40-m1-s5,disabled,3,0.0327,heuristic
c40-m1,c40-m1-s5,heuristic,1,3.6453,heuristic
c40-m1,c40-m1-s5,heuristic,2,3.6363,heuristic
c40-m1,c40-m1-s5,heuristic,3,3.0101,heuristic
c40-m1,c40-m1-s5,csp,1,205.0373,csp
c40-m1,c40-m1-s5,csp,2,186.2733,csp
c40-m1,c40-m1-s5,csp,3,205.8017,csp
c40-m1,c40-m1-s6,disabled,1,0.0336,heuristic
c40-m1,c40-m1-s6,disabled,2,0.0320,heuristic
c40-m1,c40-m1-s6,disabled,3,0.0319,heuristic
c40-m1,c40-m1-s6,heuristic,1,4.7803,heuristic
c40-m1,c40-m1-s6,heuristic,2,4.6277,heuristic
c40-m1,c40-m1-s6,heuristic,3,4.0268,heuristic
c40-m1,c40-m1-s6,csp,1,218.8658,csp
c40-m1,c40-m1-s6,csp,2,195.4520,csp
c40-m1,c40-m1-s6,csp,3,202.0680,csp
c40-m1,c40-m1-s7,disabled,1,0.0196,heuristic
c40-m1,c40-m1-s7,disabled,2,0.0184,heuristic
c40-m1,c40-m1-s7,disabled,3,0.0190,heuristic
c40-m1,c40-m1-s7,heuristic,1,1.8638,heuristic
c40-m1,c40-m1-s7,heuristic,2,1.6773,heuristic
c40-m1,c40-m1-s7,heuristic,3,1.8925,heuristic
c40-m1,c40-m1-s7,csp,1,184.1652,csp
c40-m1,c40-m1-s7,csp,2,178.7026,csp
c40-m1,c40-m1-s7,csp,3,174.4923,csp
c40-m1,c40-m1-s8,disabled,1,0.0183,heuristic
c40-m1,c40-m1-s8,disabled,2,0.0175,heuristic
c40-m1,c40-m1-s8,disabled,3,0.0175,heuristic
c40-m1,c40-m1-s8,heuristic,1,2.4823,heuristic
c40-m1,c40-m1-s8,heuristic,2,2.4663,heuristic
c40-m1,c40-m1-s8,heuristic,3,2.4156,heuristic
c40-m1,c40-m1-s8,csp,1,188.7416,csp
c40-m1,c40-m1-s8,csp,2,186.1750,csp
c40-m1,c40-m1-s8,csp,3,199.7517,csp
c40-m1,c40-m1-s9,disabled,1,0.0247,heuristic
c40-m1,c40-m1-s9,disabled,2,0.0184,heuristic
c40-m1,c40-m1-s9,disabled,3,0.0284,heuristic
c40-m1,c40-m1-s9,heuristic,1,1.7489,heuristic
c40-m1,c40-m1-s9,heuristic,2,1.2895,heuristic
c40-m1,c40-m1-s9,heuristic,3,1.3457,heuristic
c40-m1,c40-m1-s9,csp,1,265.8986,csp
c40-m1,c40-m1-s9,csp,2,277.0484,csp
c40-m1,c40-m1-s9,csp,3,295.4676,csp
c40-m1,c40-m1-s10,disabled,1,0.0209,heuristic
c40-m1,c40-m1-s10,disabled,2,0.0192,heuristic
c40-m1,c40-m1-s10,disabled,3,0.0191,heuristic
c40-m1,c40-m1-s10,heuristic,1,2.6595,heuristic
c40-m1,c40-m1-s10,heuristic,2,2.8256,heuristic
c40-m1,c40-m1-s10,heuristic,3,2.8298,heuristic
c40-m1,c40-m1-s10,csp,1,140.0425,csp
c40-m1,c40-m1-s10,csp,2,155.3416,csp
c40-m1,c40-m1-s10,csp,3,157.1603,csp
c40-m1,c40-m1-s11,disabled,1,0.0578,heuristic
c40-m1,c40-m1-s11,disabled,2,0.0336,heuristic
c40-m1,c40-m1-s11,disabled,3,0.0309,heuristic
c40-m1,c40-m1-s11,heuristic,1,2.1542,heuristic
c40-m1,c40-m1-s11,heuristic,2,2.2342,heuristic
c40-m1,c40-m1-s11,heuristic,3,2.7153,heuristic
c40-m1,c40-m1-s11,csp,1,183.2125,csp
c40-m1,c40-m1-s11,csp,2,187.3598,csp
c40-m1,c40-m1-s11,csp,3,178.3985,csp
c40-m1,c40-m1-s12,disabled,1,0.0331,heuristic
c40-m1,c40-m1-s12,disabled,2,0.0316,heuristic
c40-m1,c40-m1-s12,disabled,3,0.0309,heuristic
c40-m1,c40-m1-s12,heuristic,1,2.9875,heuristic
c40-m1,c40-m1-s12,heuristic,2,2.6702,heuristic
c40-m1,c40-m1-s12,heuristic,3,3.0343,heuristic
c40-m1,c40-m1-s12,csp,1,315.5621,csp
c40-m1,c40-m1-s12,csp,2,314.4792,csp
c40-m1,c40-m1-s12,csp,3,301.2769,csp
c40-m1,c40-m1-s13,disabled,1,0.0448,heuristic
c40-m1,c40-m1-s13,disabled,2,0.0300,heuristic
c40-m1,c40-m1-s13,disabled,3,0.0364,heuristic
c40-m1,c40-m1-s13,heuristic,1,1.9580,heuristic
c40-m1,c40-m1-s13,heuristic,2,2.4576,heuristic
c40-m1,c40-m1-s13,heuristic,3,2.3018,heuristic
c40-m1,c40-m1-s13,csp,1,81.0381,csp
c40-m1,c40-m1-s13,csp,2,77.4820,csp
c40-m1,c40-m1-s13,csp,3,81.0123,csp
c40-m1,c40-m1-s14,disabled,1,0.0317,heuristic
c40-m1,c40-m1-s14,disabled,2,0.0316,heuristic
c40-m1,c40-m1-s14,disabled,3,0.0309,heuristic
c40-m1,c40-m1-s14,heuristic,1,2.4773,heuristic
c40-m1,c40-m1-s14,heuristic,2,1.8993,heuristic
c40-m1,c40-m1-s14,heuristic,3,2.1249,heuristic
c40-m1,c40-m1-s14,csp,1,293.9699,csp
c40-m1,c40-m1-s14,csp,2,293.0079,csp
c40-m1,c40-m1-s14,csp,3,278.7054,csp
c40-m1,c40-m1-s15,disabled,1,0.0289,heuristic
c40-m1,c40-m1-s15,disabled,2,0.0282,heuristic
c40-m1,c40-m1-s15,disabled,3,0.0552,heuristic
c40-m1,c40-m1-s15,heuristic,1,1.7914,heuristic
c40-m1,c40-m1-s15,heuristic,2,2.2229,heuristic
c40-m1,c40-m1-s15,heuristic,3,2.5398,heuristic
c40-m1,c40-m1-s15,csp,1,59.3344,csp
c40-m1,c40-m1-s15,csp,2,56.2036,csp
c40-m1,c40-m1-s15,csp,3,62.2196,csp
c40-m1,c40-m1-s16,disabled,1,0.0380,heuristic
c40-m1,c40-m1-s16,disabled,2,0.0423,heuristic
c40-m1,c40-m1-s16,disabled,3,0.0355,heuristic
c40-m1,c40-m1-s16,heuristic,1,2.8186,heuristic
c40-m1,c40-m1-s16,heuristic,2,2.2224,heuristic
c40-m1,c40-m1-s16,heuristic,3,2.3948,heuristic
c40-m1,c40-m1-s16,csp,1,236.2260,csp
c40-m1,c40-m1-s16,csp,2,225.5764,csp
c40-m1,c40-m1-s16,csp,3,218.7310,csp
c40-m1,c40-m1-s17,disabled,1,0.0370,heuristic
c40-m1,c40-m1-s17,disabled,2,0.0339,heuristic
c40-m1,c40-m1-s17,disabled,3,0.0319,heuristic
c40-m1,c40-m1-s17,heuristic,1,2.0981,heuristic
c40-m1,c40-m1-s17,heuristic,2,2.1533,heuristic
c40-m1,c40-m1-s17,heuristic,3,2.1198,heuristic
c40-m1,c40-m1-s17,csp,1,293.8785,csp
c40-m1,c40-m1-s17,csp,2,296.2619,csp
c40-m1,c40-m1-s17,csp,3,295.4637,csp
c40-m1,c40-m1-s18,disabled,1,0.0307,heuristic
c40-m1,c40-m1-s18,disabled,2,0.0290,heuristic
c40-m1,c40-m1-s18,disabled,3,0.0407,heuristic
c40-m1,c40-m1-s18,heuristic,1,4.9227,heuristic
c40-m1,c40-m1-s18,heuristic,2,4.6717,heuristic
c40-m1,c40-m1-s18,heuristic,3,5.1031,heuristic
c40-m1,c40-m1-s18,csp,1,132.6965,csp
c40-m1,c40-m1-s18,csp,2,110.8338,csp
c40-m1,c40-m1-s18,csp,3,121.6668,csp
c40-m1,c40-m1-s19,disabled,1,0.0304,heuristic
c40-m1,c40-m1-s19,disabled,2,0.0273,heuristic
c40-m1,c40-m1-s19,disabled,3,0.0289,heuristic
c40-m1,c40-m1-s19,heuristic,1,3.8482,heuristic
c40-m1,c40-m1-s19,heuristic,2,4.0110,heuristic
c40-m1,c40-m1-s19,heuristic,3,3.5834,heuristic
c40-m1,c40-m1-s19,csp,1,211.8406,csp
c40-m1,c40-m1-s19,csp,2,230.3685,csp
c40-m1,c40-m1-s19,csp,3,217.6730,csp
c40-m1,c40-m1-s20,disabled,1,0.0289,heuristic
c40-m1,c40-m1-s20,disabled,2,0.0296,heuristic
c40-m1,c40-m1-s20,disabled,3,0.0212,heuristic
c40-m1,c40-m1-s20,heuristic,1,3.9123,heuristic
c40-m1,c40-m1-s20,heuristic,2,4.1227,heuristic
c40-m1,c40-m1-s20,heuristic,3,4.1963,heuristic
c40-m1,c40-m1-s20,csp,1,117.0810,csp
c40-m1,c40-m1-s20,csp,2,120.1156,csp
c40-m1,c40-m1-s20,csp,3,120.2027,csp
c40-m1,c40-m1-s21,disabled,1,0.0340,heuristic
c40-m1,c40-m1-s21,disabled,2,0.0322,heuristic
c40-m1,c40-m1-s21,disabled,3,0.0302,heuristic
c40-m1,c40-m1-s21,heuristic,1,2.6150,heuristic
c40-m1,c40-m1-s21,heuristic,2,1.8466,heuristic
c40-m1,c40-m1-s21,heuristic,3,1.7269,heuristic
c40-m1,c40-m1-s21,csp,1,130.2892,csp
c40-m1,c40-m1-s21,csp,2,123.6713,csp
c40-m1,c40-m1-s21,csp,3,132.6060,csp
c40-m1,c40-m1-s22,disabled,1,0.0346,heuristic
c40-m1,c40-m1-s22,disabled,2,0.0332,heuristic
c40-m1,c40-m1-s22,disabled,3,0.0491,heuristic
c40-m1,c40-m1-s22,heuristic,1,3.0425,heuristic
c40-m1,c40-m1-s22,heuristic,2,3.9920,heuristic
c40-m1,c40-m1-s22,heuristic,3,3.0337,heuristic
c40-m1,c40-m1-s22,csp,1,50.8788,csp
c40-m1,c40-m1-s22,csp,2,52.2309,csp
c40-m1,c40-m1-s22,csp,3,53.7768,csp
c40-m1,c40-m1-s23,disabled,1,0.0306,heuristic
c40-m1,c40-m1-s23,disabled,2,0.0297,heuristic
c40-m1,c40-m1-s23,disabled,3,0.0284,heuristic
c40-m1,c40-m1-s23,heuristic,1,3.2834,heuristic
c40-m1,c40-m1-s23,heuristic,2,4.2175,heuristic
c40-m1,c40-m1-s23,heuristic,3,2.7701,heuristic
c40-m1,c40-m1-s23,csp,1,308.0341,csp
c40-m1,c40-m1-s23,csp,2,276.6179,csp
c40-m1,c40-m1-s23,csp,3,273.0202,csp
c40-m1,c40-m1-s24,disabled,1,0.0359,heuristic
c40-m1,c40-m1-s24,disabled,2,0.0272,heuristic
c40-m1,c40-m1-s24,disabled,3,0.0269,heuristic
c40-m1,c40-m1-s24,heuristic,1,2.0586,heuristic
c40-m1,c40-m1-s24,heuristic,2,2.4670,heuristic
c40-m1,c40-m1-s24,heuristic,3,2.1853,heuristic
c40-m1,c40-m1-s24,csp,1,112.6862,csp
c40-m1,c40-m1-s24,csp,2,117.0693,csp
c40-m1,c40-m1-s24,csp,3,113.5671,csp
c40-m1,c40-m1-s25,disabled,1,0.0295,heuristic
c40-m1,c40-m1-s25,disabled,2,0.0313,heuristic
c40-m1,c40-m1-s25,disabled,3,0.0301,heuristic
c40-m1,c40-m1-s25,heuristic,1,2.9729,heuristic
c40-m1,c40-m1-s25,heuristic,2,3.1112,heuristic
c40-m1,c40-m1-s25,heuristic,3,2.9490,heuristic
c40-m1,c40-m1-s25,csp,1,87.5261,csp
c40-m1,c40-m1-s25,csp,2,81.8430,csp
c40-m1,c40-m1-s25,csp,3,92.1993,csp
c40-m3,c40-m3-s1,disabled,1,0.1510,heuristic
c40-m3,c40-m3-s1,disabled,2,0.1323,heuristic
c40-m3,c40-m3-s1,disabled,3,0.0878,heuristic
c40-m3,c40-m3-s1,heuristic,1,11.6108,heuristic
c40-m3,c40-m3-s1,heuristic,2,11.1860,heuristic
c40-m3,c40-m3-s1,heuristic,3,11.4781,heuristic
c40-m3,c40-m3-s1,csp,1,287.3083,csp
c40-m3,c40-m3-s1,csp,2,276.4869,csp
c40-m3,c40-m3-s1,csp,3,293.3785,csp
c40-m3,c40-m3-s2,disabled,1,0.1298,heuristic
c40-m3,c40-m3-s2,disabled,2,0.1348,heuristic
c40-m3,c40-m3-s2,disabled,3,0.1348,heuristic
c40-m3,c40-m3-s2,heuristic,1,8.1963,heuristic
c40-m3,c40-m3-s2,heuristic,2,9.0994,heuristic
c40-m3,c40-m3-s2,heuristic,3,8.7010,heuristic
c40-m3,c40-m3-s2,csp,1,210.1820,csp
c40-m3,c40-m3-s2,csp,2,217.8911,csp
c40-m3,c40-m3-s2,csp,3,217.6376,csp
c40-m3,c40-m3-s3,disabled,1,0.1209,heuristic
c40-m3,c40-m3-s3,disabled,2,0.1206,heuristic
c40-m3,c40-m3-s3,disabled,3,0.1608,heuristic
c40-m3,c40-m3-s3,heuristic,1,8.8731,heuristic
c40-m3,c40-m3-s3,heuristic,2,7.4777,heuristic
c40-m3,c40-m3-s3,heuristic,3,7.4686,heuristic
c40-m3,c40-m3-s3,csp,1,232.6149,csp
c40-m3,c40-m3-s3,csp,2,268.6811,csp
c40-m3,c40-m3-s3,csp,3,272.2898,csp
c40-m3,c40-m3-s4,disabled,1,0.1333,heuristic
c40-m3,c40-m3-s4,disabled,2,0.1356,heuristic
c40-m3,c40-m3-s4,disabled,3,0.1336,heuristic
c40-m3,c40-m3-s4,heuristic,1,9.1713,heuristic
c40-m3,c40-m3-s4,heuristic,2,9.5558,heuristic
c40-m3,c40-m3-s4,heuristic,3,9.6018,heuristic
c40-m3,c40-m3-s4,csp,1,290.4338,csp
c40-m3,c40-m3-s4,csp,2,283.5106,csp
c40-m3,c40-m3-s4,csp,3,287.2501,csp
c40-m3,c40-m3-s5,disabled,1,0.1446,heuristic
c40-m3,c40-m3-s5,disabled,2,0.1220,heuristic
c40-m3,c40-m3-s5,disabled,3,0.1273,heuristic
c40-m3,c40-m3-s5,heuristic,1,9.6069,heuristic
c40-m3,c40-m3-s5,heuristic,2,9.9952,heuristic
c40-m3,c40-m3-s5,heuristic,3,9.3988,heuristic
c40-m3,c40-m3-s5,csp,1,287.4316,csp
c40-m3,c40-m3-s5,csp,2,270.0780,csp
c40-m3,c40-m3-s5,csp,3,282.4361,csp
c40-m3,c40-m3-s6,disabled,1,0.1431,heuristic
c40-m3,c40-m3-s6,disabled,2,0.1437,heuristic
c40-m3,c40-m3-s6,disabled,3,0.1361,heuristic
c40-m3,c40-m3-s6,heuristic,1,6.3660,heuristic
c40-m3,c40-m3-s6,heuristic,2,6.1527,heuristic
c40-m3,c40-m3-s6,heuristic,3,7.3462,heuristic
c40-m3,c40-m3-s6,csp,1,300.6578,csp
c40-m3,c40-m3-s6,csp,2,283.5365,csp
c40-m3,c40-m3-s6,csp,3,283.0804,csp
c40-m3,c40-m3-s7,disabled,1,0.0971,heuristic
c40-m3,c40-m3-s7,disabled,2,0.0793,heuristic
c40-m3,c40-m3-s7,disabled,3,0.0780,heuristic
c40-m3,c40-m3-s7,heuristic,1,8.0259,heuristic
c40-m3,c40-m3-s7,heuristic,2,9.0118,heuristic
c40-m3,c40-m3-s7,heuristic,3,9.1872,heuristic
c40-m3,c40-m3-s7,csp,1,303.1123,csp
c40-m3,c40-m3-s7,csp,2,288.5052,csp
c40-m3,c40-m3-s7,csp,3,291.8353,csp
c40-m3,c40-m3-s8,disabled,1,0.0864,heuristic
c40-m3,c40-m3-s8,disabled,2,0.0762,heuristic
c40-m3,c40-m3-s8,disabled,3,0.0758,heuristic
c40-m3,c40-m3-s8,heuristic,1,9.6489,heuristic
c40-m3,c40-m3-s8,heuristic,2,10.2512,heuristic
c40-m3,c40-m3-s8,heuristic,3,11.8668,heuristic
c40-m3,c40-m3-s8,csp,1,306.7239,csp
c40-m3,c40-m3-s8,csp,2,302.4272,csp
c40-m3,c40-m3-s8,csp,3,270.5040,csp
c40-m3,c40-m3-s9,disabled,1,0.1014,heuristic
c40-m3,c40-m3-s9,disabled,2,0.0767,heuristic
c40-m3,c40-m3-s9,disabled,3,0.0821,heuristic
c40-m3,c40-m3-s9,heuristic,1,6.7223,heuristic
c40-m3,c40-m3-s9,heuristic,2,6.1597,heuristic
c40-m3,c40-m3-s9,heuristic,3,5.7324,heuristic
c40-m3,c40-m3-s9,csp,1,269.6952,csp
c40-m3,c40-m3-s9,csp,2,269.3065,csp
c40-m3,c40-m3-s9,csp,3,277.7773,csp
c40-m3,c40-m3-s10,disabled,1,0.1432,heuristic
c40-m3,c40-m3-s10,disabled,2,0.1431,heuristic
c40-m3,c40-m3-s10,disabled,3,0.1407,heuristic
c40-m3,c40-m3-s10,heuristic,1,9.3243,heuristic
c40-m3,c40-m3-s10,heuristic,2,9.5674,heuristic
c40-m3,c40-m3-s10,heuristic,3,9.7362,heuristic
c40-m3,c40-m3-s10,csp,1,289.0362,csp
c40-m3,c40-m3-s10,csp,2,294.9585,csp
c40-m3,c40-m3-s10,csp,3,285.3098,csp
c40-m3,c40-m3-s11,disabled,1,0.1382,heuristic
c40-m3,c40-m3-s11,disabled,2,0.1502,heuristic
c40-m3,c40-m3-s11,disabled,3,0.1417,heuristic
c40-m3,c40-m3-s11,heuristic,1,6.6879,heuristic
c40-m3,c40-m3-s11,heuristic,2,5.2327,heuristic
c40-m3,c40-m3-s11,heuristic,3,7.4459,heuristic
c40-m3,c40-m3-s11,csp,1,173.8393,csp
c40-m3,c40-m3-s11,csp,2,171.0648,csp
c40-m3,c40-m3-s11,csp,3,179.9409,csp
c40-m3,c40-m3-s12,disabled,1,0.1366,heuristic
c40-m3,c40-m3-s12,disabled,2,0.1333,heuristic
c40-m3,c40-m3-s12,disabled,3,0.1337,heuristic
c40-m3,c40-m3-s12,heuristic,1,7.1414,heuristic
c40-m3,c40-m3-s12,heuristic,2,6.9032,heuristic
c40-m3,c40-m3-s12,heuristic,3,7.2446,heuristic
c40-m3,c40-m3-s12,csp,1,285.3296,csp
c40-m3,c40-m3-s12,csp,2,281.8263,csp
c40-m3,c40-m3-s12,csp,3,241.5954,csp
c40-m3,c40-m3-s13,disabled,1,0.1042,heuristic
c40-m3,c40-m3-s13,disabled,2,0.0884,heuristic
c40-m3,c40-m3-s13,disabled,3,0.0737,heuristic
c40-m3,c40-m3-s13,heuristic,1,10.2802,heuristic
c40-m3,c40-m3-s13,heuristic,2,10.2210,heuristic
c40-m3,c40-m3-s13,heuristic,3,9.3648,heuristic
c40-m3,c40-m3-s13,csp,1,101.1545,csp
c40-m3,c40-m3-s13,csp,2,120.1897,csp
c40-m3,c40-m3-s13,csp,3,131.0719,csp
c40-m3,c40-m3-s14,disabled,1,0.0745,heuristic
c40-m3,c40-m3-s14,disabled,2,0.0854,heuristic
c40-m3,c40-m3-s14,disabled,3,0.0849,heuristic
c40-m3,c40-m3-s14,heuristic,1,10.8606,heuristic
c40-m3,c40-m3-s14,heuristic,2,10.3712,heuristic
c40-m3,c40-m3-s14,heuristic,3,10.6362,heuristic
c40-m3,c40-m3-s14,csp,1,299.8790,csp
c40-m3,c40-m3-s14,csp,2,280.8998,csp
c40-m3,c40-m3-s14,csp,3,292.6730,csp
c40-m3,c40-m3-s15,disabled,1,0.1667,heuristic
c40-m3,c40-m3-s15,disabled,2,0.1685,heuristic
c40-m3,c40-m3-s15,disabled,3,0.1352,heuristic
c40-m3,c40-m3-s15,heuristic,1,7.7067,heuristic
c40-m3,c40-m3-s15,heuristic,2,9.0756,heuristic
c40-m3,c40-m3-s15,heuristic,3,9.2110,heuristic
c40-m3,c40-m3-s15,csp,1,79.6809,csp
c40-m3,c40-m3-s15,csp,2,79.3379,csp
c40-m3,c40-m3-s15,csp,3,80.2799,csp
c40-m3,c40-m3-s16,disabled,1,0.1428,heuristic
c40-m3,c40-m3-s16,disabled,2,0.1328,heuristic
c40-m3,c40-m3-s16,disabled,3,0.1220,heuristic
c40-m3,c40-m3-s16,heuristic,1,9.7956,heuristic
c40-m3,c40-m3-s16,heuristic,2,10.5715,heuristic
c40-m3,c40-m3-s16,heuristic,3,10.2409,heuristic
c40-m3,c40-m3-s16,csp,1,280.7781,csp
c40-m3,c40-m3-s16,csp,2,269.3258,csp
c40-m3,c40-m3-s16,csp,3,295.4259,csp
c40-m3,c40-m3-s17,disabled,1,0.1417,heuristic
c40-m3,c40-m3-s17,disabled,2,0.1352,heuristic
c40-m3,c40-m3-s17,disabled,3,0.1302,heuristic
c40-m3,c40-m3-s17,heuristic,1,10.2529,heuristic
c40-m3,c40-m3-s17,heuristic,2,9.3380,heuristic
c40-m3,c40-m3-s17,heuristic,3,10.3935,heuristic
c40-m3,c40-m3-s17,csp,1,286.4172,csp
c40-m3,c40-m3-s17,csp,2,256.5893,csp
c40-m3,c40-m3-s17,csp,3,229.1305,csp
c40-m3,c40-m3-s18,disabled,1,0.1362,heuristic
c40-m3,c40-m3-s18,disabled,2,0.1512,heuristic
c40-m3,c40-m3-s18,disabled,3,0.1372,heuristic
c40-m3,c40-m3-s18,heuristic,1,10.5770,heuristic
c40-m3,c40-m3-s18,heuristic,2,8.5953,heuristic
c40-m3,c40-m3-s18,heuristic,3,9.7193,heuristic
c40-m3,c40-m3-s18,csp,1,90.3740,csp
c40-m3,c40-m3-s18,csp,2,92.6058,csp
c40-m3,c40-m3-s18,csp,3,101.4061,csp
c40-m3,c40-m3-s19,disabled,1,0.1251,heuristic
c40-m3,c40-m3-s19,disabled,2,0.1237,heuristic
c40-m3,c40-m3-s19,disabled,3,0.1233,heuristic
c40-m3,c40-m3-s19,heuristic,1,8.3635,heuristic
c40-m3,c40-m3-s19,heuristic,2,8.2892,heuristic
c40-m3,c40-m3-s19,heuristic,3,10.2008,heuristic
c40-m3,c40-m3-s19,csp,1,273.1850,csp
c40-m3,c40-m3-s19,csp,2,273.9590,csp
c40-m3,c40-m3-s19,csp,3,276.5181,csp
c40-m3,c40-m3-s20,disabled,1,0.1541,heuristic
c40-m3,c40-m3-s20,disabled,2,0.1325,heuristic
c40-m3,c40-m3-s20,disabled,3,0.1327,heuristic
c40-m3,c40-m3-s20,heuristic,1,9.1866,heuristic
c40-m3,c40-m3-s20,heuristic,2,9.0574,heuristic
c40-m3,c40-m3-s20,heuristic,3,8.8516,heuristic
c40-m3,c40-m3-s20,csp,1,172.3040,csp
c40-m3,c40-m3-s20,csp,2,176.6461,csp
c40-m3,c40-m3-s20,csp,3,172.6481,csp
c40-m3,c40-m3-s21,disabled,1,0.1555,heuristic
c40-m3,c40-m3-s21,disabled,2,0.1499,heuristic
c40-m3,c40-m3-s21,disabled,3,0.1250,heuristic
c40-m3,c40-m3-s21,heuristic,1,8.5304,heuristic
c40-m3,c40-m3-s21,heuristic,2,9.2667,heuristic
c40-m3,c40-m3-s21,heuristic,3,10.6914,heuristic
c40-m3,c40-m3-s21,csp,1,182.9571,csp
c40-m3,c40-m3-s21,csp,2,196.9896,csp
c40-m3,c40-m3-s21,csp,3,199.5692,csp
c40-m3,c40-m3-s22,disabled,1,0.1388,heuristic
c40-m3,c40-m3-s22,disabled,2,0.1341,heuristic
c40-m3,c40-m3-s22,disabled,3,0.1297,heuristic
c40-m3,c40-m3-s22,heuristic,1,9.3966,heuristic
c40-m3,c40-m3-s22,heuristic,2,8.5453,heuristic
c40-m3,c40-m3-s22,heuristic,3,9.3271,heuristic
c40-m3,c40-m3-s22,csp,1,186.5468,csp
c40-m3,c40-m3-s22,csp,2,170.8704,csp
c40-m3,c40-m3-s22,csp,3,170.9446,csp
c40-m3,c40-m3-s23,disabled,1,0.0779,heuristic
c40-m3,c40-m3-s23,disabled,2,0.0769,heuristic
c40-m3,c40-m3-s23,disabled,3,0.0754,heuristic
c40-m3,c40-m3-s23,heuristic,1,10.2331,heuristic
c40-m3,c40-m3-s23,heuristic,2,10.1856,heuristic
c40-m3,c40-m3-s23,heuristic,3,8.9469,heuristic
c40-m3,c40-m3-s23,csp,1,261.2953,csp
c40-m3,c40-m3-s23,csp,2,271.6122,csp
c40-m3,c40-m3-s23,csp,3,299.6995,csp
c40-m3,c40-m3-s24,disabled,1,0.1387,heuristic
c40-m3,c40-m3-s24,disabled,2,0.1277,heuristic
c40-m3,c40-m3-s24,disabled,3,0.1260,heuristic
c40-m3,c40-m3-s24,heuristic,1,9.5841,heuristic
c40-m3,c40-m3-s24,heuristic,2,8.7463,heuristic
c40-m3,c40-m3-s24,heuristic,3,9.5014,heuristic
c40-m3,c40-m3-s24,csp,1,247.6960,csp
c40-m3,c40-m3-s24,csp,2,241.7749,csp
c40-m3,c40-m3-s24,csp,3,267.0417,csp
c40-m3,c40-m3-s25,disabled,1,0.1445,heuristic
c40-m3,c40-m3-s25,disabled,2,0.1443,heuristic
c40-m3,c40-m3-s25,disabled,3,0.1399,heuristic
c40-m3,c40-m3-s25,heuristic,1,8.4090,heuristic
c40-m3,c40-m3-s25,heuristic,2,7.1150,heuristic
c40-m3,c40-m3-s25,heuristic,3,8.3968,heuristic
c40-m3,c40-m3-s25,csp,1,153.0584,csp
c40-m3,c40-m3-s25,csp,2,148.7496,csp
c40-m3,c40-m3-s25,csp,3,149.3647,csp
c40-m6,c40-m6-s1,disabled,1,15.9346,heuristic
c40-m6,c40-m6-s1,disabled,2,15.5072,heuristic
c40-m6,c40-m6-s1,disabled,3,14.5959,heuristic
c40-m6,c40-m6-s1,heuristic,1,28.3169,heuristic
c40-m6,c40-m6-s1,heuristic,2,25.8617,heuristic
c40-m6,c40-m6-s1,heuristic,3,24.0458,heuristic
c40-m6,c40-m6-s1,csp,1,662.7007,csp
c40-m6,c40-m6-s1,csp,2,640.4043,csp
c40-m6,c40-m6-s1,csp,3,695.0496,csp
c40-m6,c40-m6-s2,disabled,1,13.2301,heuristic
c40-m6,c40-m6-s2,disabled,2,14.5484,heuristic
c40-m6,c40-m6-s2,disabled,3,13.9510,heuristic
c40-m6,c40-m6-s2,heuristic,1,20.3204,heuristic
c40-m6,c40-m6-s2,heuristic,2,22.8921,heuristic
c40-m6,c40-m6-s2,heuristic,3,24.5762,heuristic
c40-m6,c40-m6-s2,csp,1,689.5111,csp
c40-m6,c40-m6-s2,csp,2,698.7300,csp
c40-m6,c40-m6-s2,csp,3,684.4137,csp
c40-m6,c40-m6-s3,disabled,1,14.2338,heuristic
c40-m6,c40-m6-s3,disabled,2,15.0702,heuristic
c40-m6,c40-m6-s3,disabled,3,17.5593,heuristic
c40-m6,c40-m6-s3,heuristic,1,18.3668,heuristic
c40-m6,c40-m6-s3,heuristic,2,16.7245,heuristic
c40-m6,c40-m6-s3,heuristic,3,18.8757,heuristic
c40-m6,c40-m6-s3,csp,1,635.2287,csp
c40-m6,c40-m6-s3,csp,2,657.6869,csp
c40-m6,c40-m6-s3,csp,3,623.6214,csp
c40-m6,c40-m6-s4,disabled,1,15.0863,heuristic
c40-m6,c40-m6-s4,disabled,2,13.7269,heuristic
c40-m6,c40-m6-s4,disabled,3,16.6662,heuristic
c40-m6,c40-m6-s4,heuristic,1,25.6762,heuristic
c40-m6,c40-m6-s4,heuristic,2,26.3473,heuristic
c40-m6,c40-m6-s4,heuristic,3,25.4417,heuristic
c40-m6,c40-m6-s4,csp,1,493.7192,csp
c40-m6,c40-m6-s4,csp,2,459.2719,csp
c40-m6,c40-m6-s4,csp,3,461.6467,csp
c40-m6,c40-m6-s5,disabled,1,14.4692,heuristic
c40-m6,c40-m6-s5,disabled,2,16.4845,heuristic
c40-m6,c40-m6-s5,disabled,3,16.8592,heuristic
c40-m6,c40-m6-s5,heuristic,1,27.1325,heuristic
c40-m6,c40-m6-s5,heuristic,2,27.9774,heuristic
c40-m6,c40-m6-s5,heuristic,3,29.1565,heuristic
c40-m6,c40-m6-s5,csp,1,588.8045,csp
c40-m6,c40-m6-s5,csp,2,599.5299,csp
c40-m6,c40-m6-s5,csp,3,606.6755,csp
c40-m6,c40-m6-s6,disabled,1,17.2798,heuristic
c40-m6,c40-m6-s6,disabled,2,15.6802,heuristic
c40-m6,c40-m6-s6,disabled,3,17.8684,heuristic
c40-m6,c40-m6-s6,heuristic,1,21.5983,heuristic
c40-m6,c40-m6-s6,heuristic,2,22.7940,heuristic
c40-m6,c40-m6-s6,heuristic,3,22.8939,heuristic
c40-m6,c40-m6-s6,csp,1,696.4321,csp
c40-m6,c40-m6-s6,csp,2,729.5572,csp
c40-m6,c40-m6-s6,csp,3,746.6276,csp
c40-m6,c40-m6-s7,disabled,1,15.1026,heuristic
c40-m6,c40-m6-s7,disabled,2,17.8763,heuristic
c40-m6,c40-m6-s7,disabled,3,17.3890,heuristic
c40-m6,c40-m6-s7,heuristic,1,24.2029,heuristic
c40-m6,c40-m6-s7,heuristic,2,25.9527,heuristic
c40-m6,c40-m6-s7,heuristic,3,23.8856,heuristic
c40-m6,c40-m6-s7,csp,1,749.2766,csp
c40-m6,c40-m6-s7,csp,2,657.7774,csp
c40-m6,c40-m6-s7,csp,3,707.2581,csp
c40-m6,c40-m6-s8,disabled,1,17.0339,heuristic
c40-m6,c40-m6-s8,disabled,2,19.2600,heuristic
c40-m6,c40-m6-s8,disabled,3,15.9241,heuristic
c40-m6,c40-m6-s8,heuristic,1,25.5732,heuristic
c40-m6,c40-m6-s8,heuristic,2,27.4631,heuristic
c40-m6,c40-m6-s8,heuristic,3,26.2967,heuristic
c40-m6,c40-m6-s8,csp,1,527.7872,csp
c40-m6,c40-m6-s8,csp,2,529.7238,csp
c40-m6,c40-m6-s8,csp,3,559.7001,csp
c40-m6,c40-m6-s9,disabled,1,17.3235,heuristic
c40-m6,c40-m6-s9,disabled,2,16.9088,heuristic
c40-m6,c40-m6-s9,disabled,3,14.3239,heuristic
c40-m6,c40-m6-s9,heuristic,1,32.1061,heuristic
c40-m6,c40-m6-s9,heuristic,2,22.7794,heuristic
c40-m6,c40-m6-s9,heuristic,3,22.6924,heuristic
c40-m6,c40-m6-s9,csp,1,301.6076,csp
c40-m6,c40-m6-s9,csp,2,282.6859,csp
c40-m6,c40-m6-s9,csp,3,295.2157,csp
c40-m6,c40-m6-s10,disabled,1,14.3822,heuristic
c40-m6,c40-m6-s10,disabled,2,17.2701,heuristic
c40-m6,c40-m6-s10,disabled,3,15.4450,heuristic
c40-m6,c40-m6-s10,heuristic,1,25.4711,heuristic
c40-m6,c40-m6-s10,heuristic,2,28.3157,heuristic
c40-m6,c40-m6-s10,heuristic,3,24.4472,heuristic
c40-m6,c40-m6-s10,csp,1,507.8467,csp
c40-m6,c40-m6-s10,csp,2,502.2225,csp
c40-m6,c40-m6-s10,csp,3,511.9364,csp
c40-m6,c40-m6-s11,disabled,1,16.6704,heuristic
c40-m6,c40-m6-s11,disabled,2,16.7673,heuristic
c40-m6,c40-m6-s11,disabled,3,14.6686,heuristic
c40-m6,c40-m6-s11,heuristic,1,28.7389,heuristic
c40-m6,c40-m6-s11,heuristic,2,28.7284,heuristic
c40-m6,c40-m6-s11,heuristic,3,27.7042,heuristic
c40-m6,c40-m6-s11,csp,1,521.9814,csp
c40-m6,c40-m6-s11,csp,2,496.7426,csp
c40-m6,c40-m6-s11,csp,3,552.9412,csp
c40-m6,c40-m6-s12,disabled,1,17.5835,heuristic
c40-m6,c40-m6-s12,disabled,2,16.1109,heuristic
c40-m6,c40-m6-s12,disabled,3,14.4473,heuristic
c40-m6,c40-m6-s12,heuristic,1,21.5024,heuristic
c40-m6,c40-m6-s12,heuristic,2,21.4461,heuristic
c40-m6,c40-m6-s12,heuristic,3,37.4543,heuristic
c40-m6,c40-m6-s12,csp,1,350.5446,csp
c40-m6,c40-m6-s12,csp,2,337.7978,csp
c40-m6,c40-m6-s12,csp,3,346.0791,csp
c40-m6,c40-m6-s13,disabled,1,15.4178,heuristic
c40-m6,c40-m6-s13,disabled,2,13.2772,heuristic
c40-m6,c40-m6-s13,disabled,3,16.5436,heuristic
c40-m6,c40-m6-s13,heuristic,1,22.2115,heuristic
c40-m6,c40-m6-s13,heuristic,2,22.9096,heuristic
c40-m6,c40-m6-s13,heuristic,3,22.6904,heuristic
c40-m6,c40-m6-s13,csp,1,203.9362,csp
c40-m6,c40-m6-s13,csp,2,204.5604,csp
c40-m6,c40-m6-s13,csp,3,198.7457,csp
c40-m6,c40-m6-s14,disabled,1,18.7190,heuristic
c40-m6,c40-m6-s14,disabled,2,16.6333,heuristic
c40-m6,c40-m6-s14,disabled,3,14.4872,heuristic
c40-m6,c40-m6-s14,heuristic,1,20.3179,heuristic
c40-m6,c40-m6-s14,heuristic,2,19.2701,heuristic
c40-m6,c40-m6-s14,heuristic,3,20.5381,heuristic
c40-m6,c40-m6-s14,csp,1,503.1125,csp
c40-m6,c40-m6-s14,csp,2,515.4302,csp
c40-m6,c40-m6-s14,csp,3,508.9638,csp
c40-m6,c40-m6-s15,disabled,1,15.2748,heuristic
c40-m6,c40-m6-s15,disabled,2,16.8402,heuristic
c40-m6,c40-m6-s15,disabled,3,15.9206,heuristic
c40-m6,c40-m6-s15,heuristic,1,25.4209,heuristic
c40-m6,c40-m6-s15,heuristic,2,22.9737,heuristic
c40-m6,c40-m6-s15,heuristic,3,24.8695,heuristic
c40-m6,c40-m6-s15,csp,1,160.6732,csp
c40-m6,c40-m6-s15,csp,2,153.4491,csp
c40-m6,c40-m6-s15,csp,3,157.0814,csp
c40-m6,c40-m6-s16,disabled,1,15.0838,heuristic
c40-m6,c40-m6-s16,disabled,2,18.1950,heuristic
c40-m6,c40-m6-s16,disabled,3,13.8206,heuristic
c40-m6,c40-m6-s16,heuristic,1,21.5012,heuristic
c40-m6,c40-m6-s16,heuristic,2,24.8249,heuristic
c40-m6,c40-m6-s16,heuristic,3,23.8066,heuristic
c40-m6,c40-m6-s16,csp,1,674.9264,csp
c40-m6,c40-m6-s16,csp,2,697.1742,csp
c40-m6,c40-m6-s16,csp,3,727.0127,csp
c40-m6,c40-m6-s17,disabled,1,17.3920,heuristic
c40-m6,c40-m6-s17,disabled,2,17.6315,heuristic
c40-m6,c40-m6-s17,disabled,3,14.4588,heuristic
c40-m6,c40-m6-s17,heuristic,1,21.2939,heuristic
c40-m6,c40-m6-s17,heuristic,2,23.0829,heuristic
c40-m6,c40-m6-s17,heuristic,3,21.0667,heuristic
c40-m6,c40-m6-s17,csp,1,382.2562,csp
c40-m6,c40-m6-s17,csp,2,381.0023,csp
c40-m6,c40-m6-s17,csp,3,393.6739,csp
c40-m6,c40-m6-s18,disabled,1,20.1646,heuristic
c40-m6,c40-m6-s18,disabled,2,31.9561,heuristic
c40-m6,c40-m6-s18,disabled,3,17.6047,heuristic
c40-m6,c40-m6-s18,heuristic,1,21.0372,heuristic
c40-m6,c40-m6-s18,heuristic,2,22.9334,heuristic
c40-m6,c40-m6-s18,heuristic,3,23.3476,heuristic
c40-m6,c40-m6-s18,csp,1,502.4835,csp
c40-m6,c40-m6-s18,csp,2,552.0229,csp
c40-m6,c40-m6-s18,csp,3,547.2819,csp
c40-m6,c40-m6-s19,disabled,1,27.4486,heuristic
c40-m6,c40-m6-s19,disabled,2,14.9307,heuristic
c40-m6,c40-m6-s19,disabled,3,14.7718,heuristic
c40-m6,c40-m6-s19,heuristic,1,25.9672,heuristic
c40-m6,c40-m6-s19,heuristic,2,24.3801,heuristic
c40-m6,c40-m6-s19,heuristic,3,26.5252,heuristic
c40-m6,c40-m6-s19,csp,1,748.8908,csp
c40-m6,c40-m6-s19,csp,2,746.7921,csp
c40-m6,c40-m6-s19,csp,3,679.7734,csp
c40-m6,c40-m6-s20,disabled,1,26.7393,heuristic
c40-m6,c40-m6-s20,disabled,2,17.2082,heuristic
c40-m6,c40-m6-s20,disabled,3,16.5761,heuristic
c40-m6,c40-m6-s20,heuristic,1,23.0549,heuristic
c40-m6,c40-m6-s20,heuristic,2,23.6446,heuristic
c40-m6,c40-m6-s20,heuristic,3,24.7303,heuristic
c40-m6,c40-m6-s20,csp,1,243.3481,csp
c40-m6,c40-m6-s20,csp,2,244.2281,csp
c40-m6,c40-m6-s20,csp,3,255.1306,csp
c40-m6,c40-m6-s21,disabled,1,20.4431,heuristic
c40-m6,c40-m6-s21,disabled,2,17.4504,heuristic
c40-m6,c40-m6-s21,disabled,3,16.4333,heuristic
c40-m6,c40-m6-s21,heuristic,1,22.4765,heuristic
c40-m6,c40-m6-s21,heuristic,2,23.2196,heuristic
c40-m6,c40-m6-s21,heuristic,3,24.3474,heuristic
c40-m6,c40-m6-s21,csp,1,191.7061,csp
c40-m6,c40-m6-s21,csp,2,202.0495,csp
c40-m6,c40-m6-s21,csp,3,206.5924,csp
c40-m6,c40-m6-s22,disabled,1,17.8324,heuristic
c40-m6,c40-m6-s22,disabled,2,16.9050,heuristic
c40-m6,c40-m6-s22,disabled,3,30.7132,heuristic
c40-m6,c40-m6-s22,heuristic,1,25.8037,heuristic
c40-m6,c40-m6-s22,heuristic,2,25.8810,heuristic
c40-m6,c40-m6-s22,heuristic,3,25.1409,heuristic
c40-m6,c40-m6-s22,csp,1,449.9518,csp
c40-m6,c40-m6-s22,csp,2,481.7160,csp
c40-m6,c40-m6-s22,csp,3,453.4308,csp
c40-m6,c40-m6-s23,disabled,1,13.8569,heuristic
c40-m6,c40-m6-s23,disabled,2,16.0637,heuristic
c40-m6,c40-m6-s23,disabled,3,31.2214,heuristic
c40-m6,c40-m6-s23,heuristic,1,24.8880,heuristic
c40-m6,c40-m6-s23,heuristic,2,27.2065,heuristic
c40-m6,c40-m6-s23,heuristic,3,23.8469,heuristic
c40-m6,c40-m6-s23,csp,1,329.7118,csp
c40-m6,c40-m6-s23,csp,2,347.6962,csp
c40-m6,c40-m6-s23,csp,3,349.9818,csp
c40-m6,c40-m6-s24,disabled,1,15.2496,heuristic
c40-m6,c40-m6-s24,disabled,2,17.2689,heuristic
c40-m6,c40-m6-s24,disabled,3,16.9154,heuristic
c40-m6,c40-m6-s24,heuristic,1,22.3166,heuristic
c40-m6,c40-m6-s24,heuristic,2,22.4263,heuristic
c40-m6,c40-m6-s24,heuristic,3,23.9434,heuristic
c40-m6,c40-m6-s24,csp,1,675.5264,csp
c40-m6,c40-m6-s24,csp,2,674.7711,csp
c40-m6,c40-m6-s24,csp,3,655.2875,csp
c40-m6,c40-m6-s25,disabled,1,15.9123,heuristic
c40-m6,c40-m6-s25,disabled,2,15.1852,heuristic
c40-m6,c40-m6-s25,disabled,3,17.9187,heuristic
c40-m6,c40-m6-s25,heuristic,1,31.0505,heuristic
c40-m6,c40-m6-s25,heuristic,2,29.7430,heuristic
c40-m6,c40-m6-s25,heuristic,3,30.5302,heuristic
c40-m6,c40-m6-s25,csp,1,392.7894,csp
c40-m6,c40-m6-s25,csp,2,382.2861,csp
c40-m6,c40-m6-s25,csp,3,391.5608,csp
